episode_id,shot,start,end,purpose,action,camera,ai_source_layer,deterministic_overlay,storyboard_reuse_status,asset_status,high_risk,high_risk_reason,candidate_minimum,formal_filename,candidate_a_filename,candidate_b_filename,character_reference,approval_state
HC20260810-001,S01,00.00,04.00,场景共鸣,餐后人物在暖光餐桌旁短暂眨眼,85mm中近景固定，缓慢推近,人物自然眨眼并轻靠椅背；餐盘保持不动,后期确定性叠加：午后犯困 / 先别归因,new,new,yes,cover+餐+盘,2,HC20260810-001-v01-S01-firstframe.png,HC20260810-001-v01-S01-candidate-a.png,HC20260810-001-v01-S01-candidate-b.png,character-reference-v01.png,matrix-locked-pending-generation
HC20260810-001,S02,04.00,09.20,建立多因素问题,人物抬眼看向窗光，手离开餐盘,侧后方中景，光线切换硬切,人物只做抬眼动作；背景无新增物,后期确定性叠加：三个场景放一起看,new,new,yes,手+餐+盘,2,HC20260810-001-v01-S02-firstframe.png,HC20260810-001-v01-S02-candidate-a.png,HC20260810-001-v01-S02-candidate-b.png,character-reference-v01.png,matrix-locked-pending-generation
HC20260810-001,S03,09.20,14.40,观察昨晚,家中夜晚关灯与早晨拉帘用两段静态板呈现,无相机运动，确定性双板切换,无AI动态源；使用品牌色生活剪影,后期确定性叠加：昨晚大致睡起时点,deterministic-board,deterministic-board,no,,1,HC20260810-001-v01-S03-firstframe.png,HC20260810-001-v01-S03-candidate-a.png,,not-applicable,matrix-locked-pending-generation
HC20260810-001,S04,14.40,19.80,观察午餐,餐桌同一人物放慢一口后停下餐具,俯侧45度近景，餐具与手同框,人物只完成放下餐具一个动作,后期确定性叠加：午餐速度 / 停下时感受,new,new,yes,手+餐+餐具,2,HC20260810-001-v01-S04-firstframe.png,HC20260810-001-v01-S04-candidate-a.png,HC20260810-001-v01-S04-candidate-b.png,character-reference-v01.png,matrix-locked-pending-generation
HC20260810-001,S05,19.80,25.20,观察饭后,人物从餐椅起身，朝客厅方向迈一步,全身中景，小幅横移跟随,人物起身并迈一步；方向固定,后期确定性叠加：一直坐着 / 轻松动过,new,new,yes,餐+饭,2,HC20260810-001-v01-S05-firstframe.png,HC20260810-001-v01-S05-candidate-a.png,HC20260810-001-v01-S05-candidate-b.png,character-reference-v01.png,matrix-locked-pending-generation
HC20260810-001,S06,25.20,30.60,执行三项点选,人物手持黑屏手机，拇指点按三个空白位置,越肩近景固定，屏幕不反光,黑屏手机与单手点按；不生成界面,后期确定性叠加：后期中性三项点选,new,new,yes,手+手机+屏幕,2,HC20260810-001-v01-S06-firstframe.png,HC20260810-001-v01-S06-candidate-a.png,HC20260810-001-v01-S06-candidate-b.png,character-reference-v01.png,matrix-locked-pending-generation
HC20260810-001,S07,30.60,36.20,记录感受,人物放下手机，闭眼感受片刻,正面中近景，轻微后拉,人物只做放下手机与一次自然呼吸,后期确定性叠加：一次记录只是一条线索,safe-reuse,new,yes,手+手机,2,HC20260810-001-v01-S07-firstframe.png,HC20260810-001-v01-S07-candidate-a.png,HC20260810-001-v01-S07-candidate-b.png,character-reference-v01.png,matrix-locked-pending-generation
HC20260810-001,S08,36.20,42.00,重复比较,三次不同日光色块并列，人物剪影保持一致,无相机运动，确定性信息板,无AI动态源；纯色日光与人物剪影,后期确定性叠加：只和自己的重复场景比,deterministic-board,deterministic-board,no,,1,HC20260810-001-v01-S08-firstframe.png,HC20260810-001-v01-S08-candidate-a.png,,not-applicable,matrix-locked-pending-generation
HC20260810-001,S09,42.00,48.50,安全边界,人物把车钥匙放回置物盘并走向沙发,腰部中景，先定后短跟,人物放下钥匙后离开一步,后期确定性叠加：难以清醒 / 先停下休息,new,new,yes,钥匙+车钥匙+盘,2,HC20260810-001-v01-S09-firstframe.png,HC20260810-001-v01-S09-candidate-a.png,HC20260810-001-v01-S09-candidate-b.png,character-reference-v01.png,matrix-locked-pending-generation
HC20260810-001,S10,48.50,54.00,保存理由,品牌暖米白结束卡，三枚青绿圆点依次出现,无相机运动,无AI动态源；纯确定性结束板,后期确定性叠加：三项观察 / 下次查看入口,deterministic-board,deterministic-board,no,,1,HC20260810-001-v01-S10-firstframe.png,HC20260810-001-v01-S10-candidate-a.png,,not-applicable,matrix-locked-pending-generation
HC20260810-002,S01,00.00,04.00,双行为钩子,办公室休息区同一餐盒，左侧匆匆动作、右侧从容动作,垂直分屏固定，两侧同景别,两段独立人物源各完成一次进餐动作,后期确定性叠加：同份午餐 / 两种速度,new,new,yes,cover+餐,2,HC20260810-002-v01-S01-firstframe.png,HC20260810-002-v01-S01-candidate-a.png,HC20260810-002-v01-S01-candidate-b.png,character-reference-v01.png,matrix-locked-pending-generation
HC20260810-002,S02,04.00,09.40,限定观察变量,两侧画面同步停在相同剩余份量,分屏静止，后期对齐构图,无AI动态源；两张验收帧确定性并列,后期确定性叠加：先别预设结果,deterministic-board,deterministic-board,no,,1,HC20260810-002-v01-S02-firstframe.png,HC20260810-002-v01-S02-candidate-a.png,,not-applicable,matrix-locked-pending-generation
HC20260810-002,S03,09.40,14.80,观察时长,人物从第一口开始，桌侧日光缓慢移动,餐桌侧面中景固定,人物完成一口自然进餐,后期确定性叠加：大致进餐时长,new,new,yes,餐,2,HC20260810-002-v01-S03-firstframe.png,HC20260810-002-v01-S03-candidate-a.png,HC20260810-002-v01-S03-candidate-b.png,character-reference-v01.png,matrix-locked-pending-generation
HC20260810-002,S04,14.80,20.20,中途停顿,人物吃到中途主动放下餐具,餐具近景后切人物中景,人物只做放下餐具动作,后期确定性叠加：中途停一下,new,new,yes,餐+餐具,2,HC20260810-002-v01-S04-firstframe.png,HC20260810-002-v01-S04-candidate-a.png,HC20260810-002-v01-S04-candidate-b.png,character-reference-v01.png,matrix-locked-pending-generation
HC20260810-002,S05,20.20,25.60,回办公位后的自觉,人物回到普通办公位坐下，双手离开键盘后短暂停顿,办公位侧面中景，落座后保持固定,人物只完成落座并停顿一次,后期确定性叠加：清醒 / 专注的主观感受,new,new,yes,手+盘+键盘,2,HC20260810-002-v01-S05-firstframe.png,HC20260810-002-v01-S05-candidate-a.png,HC20260810-002-v01-S05-candidate-b.png,character-reference-v01.png,matrix-locked-pending-generation
HC20260810-002,S06,25.60,31.10,呈现最小尝试,人物视线在餐盘与自己之间短暂移动,眼平中近景，轻微推近,人物只做一次视线移动,后期确定性叠加：已经够了吗,new,new,yes,餐+盘,2,HC20260810-002-v01-S06-firstframe.png,HC20260810-002-v01-S06-candidate-a.png,HC20260810-002-v01-S06-candidate-b.png,character-reference-v01.png,matrix-locked-pending-generation
HC20260810-002,S07,31.10,36.70,确定动作,人物停顿后把餐具平放在盘边,餐盘俯拍近景固定,人物只完成一次放平餐具动作,后期确定性叠加：继续或停下由后期两分支板表达,new,new,yes,餐+盘+餐具,2,HC20260810-002-v01-S07-firstframe.png,HC20260810-002-v01-S07-candidate-a.png,HC20260810-002-v01-S07-candidate-b.png,character-reference-v01.png,matrix-locked-pending-generation
HC20260810-002,S08,36.70,42.40,下午感受,人物回办公位前停一步，再自然落座,走廊中远景转办公位侧景,人物走两步并坐下,后期确定性叠加：清醒与专注只作主观记录,safe-reuse,new,no,,1,HC20260810-002-v01-S08-firstframe.png,HC20260810-002-v01-S08-candidate-a.png,,character-reference-v01.png,matrix-locked-pending-generation
HC20260810-002,S09,42.40,48.60,边界,餐盘与空椅静态画面，后期边界文字进入,无相机运动,无AI动态源；餐桌静物板,后期确定性叠加：不追次数 / 不用挨饿补偿,deterministic-board,deterministic-board,yes,餐+盘,2,HC20260810-002-v01-S09-firstframe.png,HC20260810-002-v01-S09-candidate-a.png,HC20260810-002-v01-S09-candidate-b.png,not-applicable,matrix-locked-pending-generation
HC20260810-002,S10,48.60,55.00,保存理由,暖米白结束板中央是一组暂停符号,无相机运动,无AI动态源；确定性结束板,后期确定性叠加：中途停顿 / 下顿再试,deterministic-board,deterministic-board,no,,1,HC20260810-002-v01-S10-firstframe.png,HC20260810-002-v01-S10-candidate-a.png,,not-applicable,matrix-locked-pending-generation
HC20260810-003,S01,00.00,04.00,三项清单钩子,人物看向餐桌上已经添加过的餐盘,高位斜俯中景，缓慢下降,人物只做一次停顿与看盘动作,后期确定性叠加：份量 / 停下 / 下午安排,new,new,yes,cover+餐+盘,2,HC20260810-003-v01-S01-firstframe.png,HC20260810-003-v01-S01-candidate-a.png,HC20260810-003-v01-S01-candidate-b.png,character-reference-v01.png,matrix-locked-pending-generation
HC20260810-003,S02,04.00,09.00,先放稳,人物把盛菜勺放回公用盘边,手部与餐桌关系近景固定,手只完成放勺动作,后期确定性叠加：承认吃多 / 不慌补偿,new,new,yes,手+餐+盘+勺,2,HC20260810-003-v01-S02-firstframe.png,HC20260810-003-v01-S02-candidate-a.png,HC20260810-003-v01-S02-candidate-b.png,character-reference-v01.png,matrix-locked-pending-generation
HC20260810-003,S03,09.00,14.00,观察开始份量,空碗与添加后的餐盘以静物对照,俯拍静物，确定性切换,无AI动态源；两张餐桌静物板,后期确定性叠加：开始盛多少 / 是否添加,deterministic-board,deterministic-board,yes,餐+盘+碗,2,HC20260810-003-v01-S03-firstframe.png,HC20260810-003-v01-S03-candidate-a.png,HC20260810-003-v01-S03-candidate-b.png,not-applicable,matrix-locked-pending-generation
HC20260810-003,S04,14.00,19.50,观察停下时机,人物准备再夹菜时停手,侧面手臂中近景，焦点落在停手,人物只做伸手后停住,后期确定性叠加：什么时候已经觉得够,new,new,yes,手,2,HC20260810-003-v01-S04-firstframe.png,HC20260810-003-v01-S04-candidate-a.png,HC20260810-003-v01-S04-candidate-b.png,character-reference-v01.png,matrix-locked-pending-generation
HC20260810-003,S05,19.50,25.00,观察下午安排,家中人物把高要求事项移到后面，先整理轻便物品,客厅广角固定，后期事项块移动,人物只整理一件轻便物品,后期确定性叠加：先排平稳的事,new,new,no,,1,HC20260810-003-v01-S05-firstframe.png,HC20260810-003-v01-S05-candidate-a.png,,character-reference-v01.png,matrix-locked-pending-generation
HC20260810-003,S06,25.00,30.50,最小尝试,下一餐人物先盛较少份量并把勺放下,餐盘俯拍转手部侧近景,人物完成盛一次并放勺,后期确定性叠加：吃完再决定是否添加,new,new,yes,手+餐+盘+勺,2,HC20260810-003-v01-S06-firstframe.png,HC20260810-003-v01-S06-candidate-a.png,HC20260810-003-v01-S06-candidate-b.png,character-reference-v01.png,matrix-locked-pending-generation
HC20260810-003,S07,30.50,36.00,份量边界,餐盘旁没有克数，只有后期开放式份量轮廓,无相机运动,无AI动态源；确定性餐盘轮廓板,后期确定性叠加：不设统一份量,deterministic-board,deterministic-board,yes,餐+盘,2,HC20260810-003-v01-S07-firstframe.png,HC20260810-003-v01-S07-candidate-a.png,HC20260810-003-v01-S07-candidate-b.png,not-applicable,matrix-locked-pending-generation
HC20260810-003,S08,36.00,41.80,不做补偿,下一餐人物照常坐到餐桌前,门口中远景，人物入画后停,人物走到座位并坐下,后期确定性叠加：下一餐照常安排,safe-reuse,new,yes,餐,2,HC20260810-003-v01-S08-firstframe.png,HC20260810-003-v01-S08-candidate-a.png,HC20260810-003-v01-S08-candidate-b.png,character-reference-v01.png,matrix-locked-pending-generation
HC20260810-003,S09,41.80,48.00,停止条件,人物放下餐具并起身离开餐桌,侧面全身中景，短跟半步,人物放下餐具后起身,后期确定性叠加：持续不舒服 / 停止自行调整,new,new,yes,餐+餐具,2,HC20260810-003-v01-S09-firstframe.png,HC20260810-003-v01-S09-candidate-a.png,HC20260810-003-v01-S09-candidate-b.png,character-reference-v01.png,matrix-locked-pending-generation
HC20260810-003,S10,48.00,55.00,备忘结束,深青绿卡片托住浅桃色餐盘轮廓,无相机运动,无AI动态源；确定性结束板,后期确定性叠加：稳住节奏 / 留作备忘,deterministic-board,deterministic-board,yes,餐+盘,2,HC20260810-003-v01-S10-firstframe.png,HC20260810-003-v01-S10-candidate-a.png,HC20260810-003-v01-S10-candidate-b.png,not-applicable,matrix-locked-pending-generation
HC20260810-004,S01,00.00,04.00,七天观察钩子,七块日光色板铺开，其中坐姿与步行剪影交替,无相机运动，节奏式确定性铺陈,无AI动态源；七块无字色板与剪影,后期确定性叠加：七天饭后 / 坐走两种安排,deterministic-board,deterministic-board,yes,cover,2,HC20260810-004-v01-S01-firstframe.png,HC20260810-004-v01-S01-candidate-a.png,HC20260810-004-v01-S01-candidate-b.png,not-applicable,matrix-locked-pending-generation
HC20260810-004,S02,04.00,09.20,定义观察窗,社区步道全景与长椅同框,24mm环境广角，极慢推入,无人环境动态源：树影轻动,后期确定性叠加：七天只是生活观察,new,new,no,,1,HC20260810-004-v01-S02-firstframe.png,HC20260810-004-v01-S02-candidate-a.png,,character-reference-v01.png,matrix-locked-pending-generation
HC20260810-004,S03,09.20,14.90,安排坐走日,同一人物一天坐长椅、另一天从长椅起步,匹配构图硬切，不做分屏人物融合,两条独立动态源：坐姿呼吸；起身一步,后期确定性叠加：日程允许时分别观察,new,new,no,,1,HC20260810-004-v01-S03-firstframe.png,HC20260810-004-v01-S03-candidate-a.png,,character-reference-v01.png,matrix-locked-pending-generation
HC20260810-004,S04,14.90,20.20,记录坐着时段,人物在长椅安静坐着，手里没有记录物,侧面全身远景固定,人物只保持自然坐姿与呼吸,后期确定性叠加：连续坐着的大致时段,safe-reuse,new,yes,手,2,HC20260810-004-v01-S04-firstframe.png,HC20260810-004-v01-S04-candidate-a.png,HC20260810-004-v01-S04-candidate-b.png,character-reference-v01.png,matrix-locked-pending-generation
HC20260810-004,S05,20.20,25.00,确认路线,人物站在平坦步道入口观察路面,低机位广角，轻微前移,人物只转头确认路线,后期确定性叠加：平坦 / 方便 / 安全,new,new,no,,1,HC20260810-004-v01-S05-firstframe.png,HC20260810-004-v01-S05-candidate-a.png,,character-reference-v01.png,matrix-locked-pending-generation
HC20260810-004,S06,25.00,30.30,记录三种感受,人物轻松走动，步幅自然,平行侧跟中远景，速度恒定,人物连续走三步；方向不反转,后期确定性叠加：舒适 / 困意 / 做事感觉,new,new,no,,1,HC20260810-004-v01-S06-firstframe.png,HC20260810-004-v01-S06-candidate-a.png,,character-reference-v01.png,matrix-locked-pending-generation
HC20260810-004,S07,30.30,35.60,今天的最小记录,人物到步道出口停下，点按黑屏手机一个空位,越肩中近景，手机不生成界面,人物停步后单次点按,后期确定性叠加：今天只记录一种安排,new,new,yes,手+手机,2,HC20260810-004-v01-S07-firstframe.png,HC20260810-004-v01-S07-candidate-a.png,HC20260810-004-v01-S07-candidate-b.png,character-reference-v01.png,matrix-locked-pending-generation
HC20260810-004,S08,35.60,41.00,结果差异,坐后与走后两张人物验收帧上下排列,无相机运动,无AI动态源；确定性对照板,后期确定性叠加：不预设哪种更舒服,deterministic-board,deterministic-board,no,,1,HC20260810-004-v01-S08-firstframe.png,HC20260810-004-v01-S08-candidate-a.png,,not-applicable,matrix-locked-pending-generation
HC20260810-004,S09,41.00,47.20,场地边界,湿滑路面前人物停下并转向安全路段,脚步全景转侧面中景,人物停步并转向一次,后期确定性叠加：不舒服就停 / 不在湿滑处做,new,new,no,,1,HC20260810-004-v01-S09-firstframe.png,HC20260810-004-v01-S09-candidate-a.png,,character-reference-v01.png,matrix-locked-pending-generation
HC20260810-004,S10,47.20,54.00,七天边界,七块色板保留一块例外色，结束在暖米白底,无相机运动,无AI动态源；确定性结束板,后期确定性叠加：七天不是阈值 / 保留例外,deterministic-board,deterministic-board,no,,1,HC20260810-004-v01-S10-firstframe.png,HC20260810-004-v01-S10-candidate-a.png,,not-applicable,matrix-locked-pending-generation
HC20260810-005,S01,00.00,04.00,执行失败钩子,人物面对办公屏幕，三张后期任务块挤在一起,正面中景快速推近后停,人物抬手又放下，屏幕保持纯色,后期确定性叠加：计划太满 / 还没开始,new,new,yes,cover+手+屏幕,2,HC20260810-005-v01-S01-firstframe.png,HC20260810-005-v01-S01-candidate-a.png,HC20260810-005-v01-S01-candidate-b.png,character-reference-v01.png,matrix-locked-pending-generation
HC20260810-005,S02,04.00,09.20,缩小动作,后期任务块收成一个，人物离开键盘,顶视办公桌，确定性图形收拢,人物手离开键盘；图形全部后期,后期确定性叠加：只留一次短暂停顿,new,new,yes,手+盘+键盘,2,HC20260810-005-v01-S02-firstframe.png,HC20260810-005-v01-S02-candidate-a.png,HC20260810-005-v01-S02-candidate-b.png,character-reference-v01.png,matrix-locked-pending-generation
HC20260810-005,S03,09.20,14.50,观察之前,人物看向屏幕旁的环境光，回想持续时段,三分之二侧脸近景固定,人物只转眼一次,后期确定性叠加：卡住前做什么 / 多久,new,new,yes,屏幕,2,HC20260810-005-v01-S03-firstframe.png,HC20260810-005-v01-S03-candidate-a.png,HC20260810-005-v01-S03-candidate-b.png,character-reference-v01.png,matrix-locked-pending-generation
HC20260810-005,S04,14.50,19.80,三选一而非全做,离开屏幕、换姿势、看远处三张无人物板依次出现,无相机运动，三板硬切,无AI动态源；三个无字生活剪影板,后期确定性叠加：三件里只选一件,deterministic-board,deterministic-board,yes,屏幕,2,HC20260810-005-v01-S04-firstframe.png,HC20260810-005-v01-S04-candidate-a.png,HC20260810-005-v01-S04-candidate-b.png,not-applicable,matrix-locked-pending-generation
HC20260810-005,S05,19.80,25.20,系统计时,人物点亮手机系统计时占位后放下,越肩手机近景，屏幕纯色,人物一次点按；系统计时由后期制作,后期确定性叠加：三分钟编辑计时,new,new,yes,手+手机+屏幕,2,HC20260810-005-v01-S05-firstframe.png,HC20260810-005-v01-S05-candidate-a.png,HC20260810-005-v01-S05-candidate-b.png,character-reference-v01.png,matrix-locked-pending-generation
HC20260810-005,S06,25.20,30.70,执行选中动作,人物离开屏幕，站到窗边只看远处,办公位广角转窗边侧面中景,人物起身走两步后看向远处,后期确定性叠加：计时内只做选中的一件,new,new,yes,屏幕,2,HC20260810-005-v01-S06-firstframe.png,HC20260810-005-v01-S06-candidate-a.png,HC20260810-005-v01-S06-candidate-b.png,character-reference-v01.png,matrix-locked-pending-generation
HC20260810-005,S07,30.70,36.20,回来感受,人物回到普通办公位，落座后停顿感受,侧面全身中景，落座后镜头固定,人物回座并停顿一次,后期确定性叠加：回来后的清醒感受,new,new,no,,1,HC20260810-005-v01-S07-firstframe.png,HC20260810-005-v01-S07-candidate-a.png,,character-reference-v01.png,matrix-locked-pending-generation
HC20260810-005,S08,36.20,41.80,下一步分支与计时边界,三个中性色块在确定性信息板上分开出现,无相机运动,无AI动态源；确定性三分支信息板,后期确定性叠加：继续 / 延长休息 / 换低要求任务；三分钟不是恢复公式,deterministic-board,deterministic-board,no,,1,HC20260810-005-v01-S08-firstframe.png,HC20260810-005-v01-S08-candidate-a.png,,not-applicable,matrix-locked-pending-generation
HC20260810-005,S09,41.80,48.80,安全暂停,普通办公桌上的车钥匙保持不动，后期中性暂停图形进入,办公桌静物近景固定,无AI人物动态源；普通办公桌与车钥匙验收帧,后期确定性叠加：仍难以清醒 / 暂停后续安排,deterministic-board,deterministic-board,yes,钥匙+车钥匙,2,HC20260810-005-v01-S09-firstframe.png,HC20260810-005-v01-S09-candidate-a.png,HC20260810-005-v01-S09-candidate-b.png,not-applicable,matrix-locked-pending-generation
HC20260810-005,S10,48.80,56.00,启动提示,单一青绿圆点沿短路径进入结束板,无相机运动,无AI动态源；确定性结束板,后期确定性叠加：三分钟不是恢复公式,deterministic-board,deterministic-board,no,,1,HC20260810-005-v01-S10-firstframe.png,HC20260810-005-v01-S10-candidate-a.png,,not-applicable,matrix-locked-pending-generation
HC20260810-006,S01,00.00,04.00,时间对比钩子,客厅沙发旁，系统闹钟占位与人物醒来画面硬切,同机位中景匹配剪辑,两条人物源：放下手机；醒来睁眼,后期确定性叠加：闹钟时长 / 实际睡着时段,new,new,yes,cover+手+手机,2,HC20260810-006-v01-S01-firstframe.png,HC20260810-006-v01-S01-candidate-a.png,HC20260810-006-v01-S01-candidate-b.png,character-reference-v01.png,matrix-locked-pending-generation
HC20260810-006,S02,04.00,09.90,解释时间差,一条无字时间带分成躺下、等待、睡着、醒来,无相机运动，确定性时间带,无AI动态源；不显示数字的色块时间带,后期确定性叠加：别漏掉入睡前等待,deterministic-board,deterministic-board,no,,1,HC20260810-006-v01-S02-firstframe.png,HC20260810-006-v01-S02-candidate-a.png,,not-applicable,matrix-locked-pending-generation
HC20260810-006,S03,09.90,14.80,记录躺下,人物放好靠枕，黑屏手机留在边桌,客厅广角固定,人物只调整一次靠枕,后期确定性叠加：躺下时点,new,new,yes,手+手机,2,HC20260810-006-v01-S03-firstframe.png,HC20260810-006-v01-S03-candidate-a.png,HC20260810-006-v01-S03-candidate-b.png,character-reference-v01.png,matrix-locked-pending-generation
HC20260810-006,S04,14.80,20.00,估计入睡,窗帘光线渐暗，人物闭眼保持自然姿态,侧面中远景固定,人物闭眼与自然呼吸,后期确定性叠加：估计入睡时点,new,new,no,,1,HC20260810-006-v01-S04-firstframe.png,HC20260810-006-v01-S04-candidate-a.png,,character-reference-v01.png,matrix-locked-pending-generation
HC20260810-006,S05,20.00,25.20,记录醒来,人物自然睁眼后看向窗光，不触手机,眼平中近景，慢慢后拉,人物睁眼并转头一次,后期确定性叠加：醒来时点 / 是否被叫醒,new,new,yes,手+手机,2,HC20260810-006-v01-S05-firstframe.png,HC20260810-006-v01-S05-candidate-a.png,HC20260810-006-v01-S05-candidate-b.png,character-reference-v01.png,matrix-locked-pending-generation
HC20260810-006,S06,25.20,30.50,手机三项记录,人物坐稳后在黑屏手机点按三处,越肩近景固定,人物单手三次轻点；不生成界面,后期确定性叠加：后期三时点点选,new,new,yes,手+手机,2,HC20260810-006-v01-S06-firstframe.png,HC20260810-006-v01-S06-candidate-a.png,HC20260810-006-v01-S06-candidate-b.png,character-reference-v01.png,matrix-locked-pending-generation
HC20260810-006,S07,30.50,35.90,醒后缓冲与安全,人物坐在沙发边缘，双脚落地安静停留，车钥匙留在玄关盘中,侧面全身中景固定,人物坐直并保持自然呼吸,后期确定性叠加：先留缓冲 / 没清醒不安排开车或机器操作,safe-reuse,new,yes,钥匙+车钥匙+盘,2,HC20260810-006-v01-S07-firstframe.png,HC20260810-006-v01-S07-candidate-a.png,HC20260810-006-v01-S07-candidate-b.png,character-reference-v01.png,matrix-locked-pending-generation
HC20260810-006,S08,35.90,41.40,晚上补充,夜间卧室门口人物放下手机准备关灯,门口中远景，静态构图,人物放下手机并关灯,后期确定性叠加：当晚入睡感受,new,new,yes,手+手机,2,HC20260810-006-v01-S08-firstframe.png,HC20260810-006-v01-S08-candidate-a.png,HC20260810-006-v01-S08-candidate-b.png,character-reference-v01.png,matrix-locked-pending-generation
HC20260810-006,S09,41.40,47.50,个体差异,三张不同醒后状态的验收帧在确定性板上并列,无相机运动,无AI动态源；确定性差异信息板,后期确定性叠加：个人差异 / 不设统一长度,deterministic-board,deterministic-board,no,,1,HC20260810-006-v01-S09-firstframe.png,HC20260810-006-v01-S09-candidate-a.png,,not-applicable,matrix-locked-pending-generation
HC20260810-006,S10,47.50,54.00,对照结束,三枚时点圆点在品牌路径上排列,无相机运动,无AI动态源；确定性结束板,后期确定性叠加：三个时点 / 下次对照,deterministic-board,deterministic-board,no,,1,HC20260810-006-v01-S10-firstframe.png,HC20260810-006-v01-S10-candidate-a.png,,not-applicable,matrix-locked-pending-generation
HC20260810-007,S01,00.00,04.00,物件提示钩子,暖光餐桌边一只咖啡杯居中，人物伸手前停住,杯口特写向后拉到半身中景,人物手伸向杯子后停住,后期确定性叠加：杯子提醒 / 先记时点,new,new,yes,cover+手+餐+杯+咖啡,2,HC20260810-007-v01-S01-firstframe.png,HC20260810-007-v01-S01-candidate-a.png,HC20260810-007-v01-S01-candidate-b.png,character-reference-v01.png,matrix-locked-pending-generation
HC20260810-007,S02,04.00,09.40,不设禁令,人物把续杯壶推回桌边,餐桌横向近景，焦点跟随壶,人物只完成推回壶动作,后期确定性叠加：先看自己的重复情况,new,new,yes,餐+杯,2,HC20260810-007-v01-S02-firstframe.png,HC20260810-007-v01-S02-candidate-a.png,HC20260810-007-v01-S02-candidate-b.png,character-reference-v01.png,matrix-locked-pending-generation
HC20260810-007,S03,09.40,14.70,末次时间,咖啡杯旁日光角度形成时点线索,静物俯拍固定,无人动态源：自然光低幅变化,后期确定性叠加：末次饮用时点,new,new,yes,杯+咖啡,2,HC20260810-007-v01-S03-firstframe.png,HC20260810-007-v01-S03-candidate-a.png,HC20260810-007-v01-S03-candidate-b.png,character-reference-v01.png,matrix-locked-pending-generation
HC20260810-007,S04,14.70,20.00,种类份量,两只不同杯型以确定性静物板并列,无相机运动,无AI动态源；杯型静物板,后期确定性叠加：饮品种类 / 大致份量,deterministic-board,deterministic-board,yes,杯,2,HC20260810-007-v01-S04-firstframe.png,HC20260810-007-v01-S04-candidate-a.png,HC20260810-007-v01-S04-candidate-b.png,not-applicable,matrix-locked-pending-generation
HC20260810-007,S05,20.00,25.40,当晚感受,家中夜间人物坐在床边准备关灯,门侧中远景，轻微推入,人物放下手机并伸手关灯,后期确定性叠加：晚上补入睡感受,new,new,yes,手+手机,2,HC20260810-007-v01-S05-firstframe.png,HC20260810-007-v01-S05-candidate-a.png,HC20260810-007-v01-S05-candidate-b.png,character-reference-v01.png,matrix-locked-pending-generation
HC20260810-007,S06,25.40,30.90,手机记录,人物白天在黑屏手机点按时间与份量位置,越肩手机近景，纯色屏幕,人物两次点按；不生成界面,后期确定性叠加：后期时间 / 份量点选,new,new,yes,手+手机+屏幕,2,HC20260810-007-v01-S06-firstframe.png,HC20260810-007-v01-S06-candidate-a.png,HC20260810-007-v01-S06-candidate-b.png,character-reference-v01.png,matrix-locked-pending-generation
HC20260810-007,S07,30.90,36.40,单变量比较,三只同款杯子沿日光路径排开,无相机运动，确定性排列,无AI动态源；同款杯静物板,后期确定性叠加：比较时只调整时点,deterministic-board,deterministic-board,yes,杯,2,HC20260810-007-v01-S07-firstframe.png,HC20260810-007-v01-S07-candidate-a.png,HC20260810-007-v01-S07-candidate-b.png,not-applicable,matrix-locked-pending-generation
HC20260810-007,S08,36.40,42.90,个人差异,不同日子的夜间窗光色板交替,无相机运动,无AI动态源；品牌色夜间板,后期确定性叠加：每个人敏感程度不同,deterministic-board,deterministic-board,no,,1,HC20260810-007-v01-S08-firstframe.png,HC20260810-007-v01-S08-candidate-a.png,,not-applicable,matrix-locked-pending-generation
HC20260810-007,S09,42.90,49.30,安全边界,人物把咖啡杯留在桌上，远离车钥匙,桌面中景转玄关远景,人物离桌走向沙发，不拿钥匙,后期确定性叠加：不靠加量硬撑,new,new,yes,钥匙+车钥匙+杯+咖啡,2,HC20260810-007-v01-S09-firstframe.png,HC20260810-007-v01-S09-candidate-a.png,HC20260810-007-v01-S09-candidate-b.png,character-reference-v01.png,matrix-locked-pending-generation
HC20260810-007,S10,49.30,56.00,时间卡结束,咖啡杯轮廓与短路径组成结束卡,无相机运动,无AI动态源；确定性结束板,后期确定性叠加：前后关系 / 留作比较,deterministic-board,deterministic-board,yes,杯+咖啡,2,HC20260810-007-v01-S10-firstframe.png,HC20260810-007-v01-S10-candidate-a.png,HC20260810-007-v01-S10-candidate-b.png,not-applicable,matrix-locked-pending-generation
HC20260810-008,S01,00.00,04.00,自问钩子,社区休息区人物伸向零食前停手,侧面手臂与人物同框中景,人物伸手后停住，不拿起零食,后期确定性叠加：先记线索 / 不判原因,new,new,yes,cover+手+食,2,HC20260810-008-v01-S01-firstframe.png,HC20260810-008-v01-S01-candidate-a.png,HC20260810-008-v01-S01-candidate-b.png,character-reference-v01.png,matrix-locked-pending-generation
HC20260810-008,S02,04.00,09.20,限定为观察字段,饿、渴、场景三个无字形状分开落位,无相机运动,无AI动态源；三枚不同形状色块,后期确定性叠加：一次想吃不等于原因,deterministic-board,deterministic-board,no,,1,HC20260810-008-v01-S02-firstframe.png,HC20260810-008-v01-S02-candidate-a.png,,not-applicable,matrix-locked-pending-generation
HC20260810-008,S03,09.20,14.50,饥饿线索,人物坐在长椅，双手自然放腿上感受片刻,正面中景固定,人物一次自然呼吸，不做夸张动作,后期确定性叠加：上一餐距离 / 主观饥饿,new,new,yes,手,2,HC20260810-008-v01-S03-firstframe.png,HC20260810-008-v01-S03-candidate-a.png,HC20260810-008-v01-S03-candidate-b.png,character-reference-v01.png,matrix-locked-pending-generation
HC20260810-008,S04,14.50,19.80,口渴线索,普通水杯放在长椅一侧，人物看向杯子,水杯前景与侧脸中景拉焦,人物只做转眼动作，不喝水,后期确定性叠加：近期饮水 / 当下口渴,new,new,yes,杯+水,2,HC20260810-008-v01-S04-firstframe.png,HC20260810-008-v01-S04-candidate-a.png,HC20260810-008-v01-S04-candidate-b.png,character-reference-v01.png,matrix-locked-pending-generation
HC20260810-008,S05,19.80,25.20,场景线索,零食摊、休息铃色块、午后日光三张环境板,无相机运动，三板错位切换,无AI动态源；无字场景剪影板,后期确定性叠加：看到食物 / 暂停 / 固定时点,deterministic-board,deterministic-board,yes,食,2,HC20260810-008-v01-S05-firstframe.png,HC20260810-008-v01-S05-candidate-a.png,HC20260810-008-v01-S05-candidate-b.png,not-applicable,matrix-locked-pending-generation
HC20260810-008,S06,25.20,30.70,三项点选,人物在黑屏手机依次点按三个空位,越肩近景固定,人物三次轻点；不生成界面,后期确定性叠加：后期饿 / 渴 / 场景点选,new,new,yes,手+手机,2,HC20260810-008-v01-S06-firstframe.png,HC20260810-008-v01-S06-candidate-a.png,HC20260810-008-v01-S06-candidate-b.png,character-reference-v01.png,matrix-locked-pending-generation
HC20260810-008,S07,30.70,36.20,自主下一步,三个独立结果板：吃一份、喝适量水、离开位置,无相机运动，不让人物三选一连续表演,无AI动态源；三个确定性结果板,后期确定性叠加：记录后自主决定,deterministic-board,deterministic-board,yes,水,2,HC20260810-008-v01-S07-firstframe.png,HC20260810-008-v01-S07-candidate-a.png,HC20260810-008-v01-S07-candidate-b.png,not-applicable,matrix-locked-pending-generation
HC20260810-008,S08,36.20,41.80,事实边界,饿与渴两个色块错开，不做因果箭头,顶视确定性图形板,无AI动态源；禁止因果路径,后期确定性叠加：口渴与饥饿可能不同步,deterministic-board,deterministic-board,no,,1,HC20260810-008-v01-S08-firstframe.png,HC20260810-008-v01-S08-candidate-a.png,,not-applicable,matrix-locked-pending-generation
HC20260810-008,S09,41.80,48.20,避免极端,人物把大水壶留在远处，只拿普通杯；零食保持未隐藏,环境中景固定,人物拿起普通杯后停住,后期确定性叠加：不大量喝水 / 不长时间强忍,new,new,yes,食+杯+水,2,HC20260810-008-v01-S09-firstframe.png,HC20260810-008-v01-S09-candidate-a.png,HC20260810-008-v01-S09-candidate-b.png,character-reference-v01.png,matrix-locked-pending-generation
HC20260810-008,S10,48.20,56.00,线索参照,三类形状沿社区步道短线排列,无相机运动,无AI动态源；确定性结束板,后期确定性叠加：三类线索 / 下次参照,deterministic-board,deterministic-board,no,,1,HC20260810-008-v01-S10-firstframe.png,HC20260810-008-v01-S10-candidate-a.png,,not-applicable,matrix-locked-pending-generation
HC20260810-009,S01,00.00,04.00,工作对比钩子,同一办公位在较早与较晚日光下匹配切换,固定广角匹配构图,两段环境动态源：人物坐定准备开始,后期确定性叠加：同一难任务 / 两个时点,new,new,yes,cover,2,HC20260810-009-v01-S01-firstframe.png,HC20260810-009-v01-S01-candidate-a.png,HC20260810-009-v01-S01-candidate-b.png,character-reference-v01.png,matrix-locked-pending-generation
HC20260810-009,S02,04.00,09.30,拒绝统一时段,黄金色时钟轮廓淡出，个人路径色块留下,无相机运动,无AI动态源；确定性图形板,后期确定性叠加：不追统一黄金时段,deterministic-board,deterministic-board,no,,1,HC20260810-009-v01-S02-firstframe.png,HC20260810-009-v01-S02-candidate-a.png,,not-applicable,matrix-locked-pending-generation
HC20260810-009,S03,09.30,14.60,截取小段,人物从纯色任务卡中只拖出一个小色块,越肩中景，屏幕纯色无界面,人物完成一次拖动；任务卡由后期叠加,后期确定性叠加：只截同类任务一小段,new,new,yes,屏幕,2,HC20260810-009-v01-S03-firstframe.png,HC20260810-009-v01-S03-candidate-a.png,HC20260810-009-v01-S03-candidate-b.png,character-reference-v01.png,matrix-locked-pending-generation
HC20260810-009,S04,14.60,19.90,记录开始,人物坐直，手离键盘，准备开始,侧面半身中景固定,人物只做坐直动作,后期确定性叠加：开始时间 / 任务类型,new,new,yes,手+盘+键盘,2,HC20260810-009-v01-S04-firstframe.png,HC20260810-009-v01-S04-candidate-a.png,HC20260810-009-v01-S04-candidate-b.png,character-reference-v01.png,matrix-locked-pending-generation
HC20260810-009,S05,19.90,25.30,记录清醒感,人物看向窗外一秒再回到屏幕,三分之二侧脸近景,人物只做一次视线往返,后期确定性叠加：开始前主观清醒感,new,new,yes,屏幕,2,HC20260810-009-v01-S05-firstframe.png,HC20260810-009-v01-S05-candidate-a.png,HC20260810-009-v01-S05-candidate-b.png,character-reference-v01.png,matrix-locked-pending-generation
HC20260810-009,S06,25.30,30.80,记录完成反馈,人物完成小段后收回双手,桌面手部转正面中景，不跟随走动,人物结束输入并收手,后期确定性叠加：启动 / 返工 / 完成感,new,new,yes,手,2,HC20260810-009-v01-S06-firstframe.png,HC20260810-009-v01-S06-candidate-a.png,HC20260810-009-v01-S06-candidate-b.png,character-reference-v01.png,matrix-locked-pending-generation
HC20260810-009,S07,30.80,36.30,换时点再比,第二个下午人物在同构图重新开始同类小段,固定中景，光线匹配切换,人物只完成开始输入动作,后期确定性叠加：下次换时点,new,new,no,,1,HC20260810-009-v01-S07-firstframe.png,HC20260810-009-v01-S07-candidate-a.png,,character-reference-v01.png,matrix-locked-pending-generation
HC20260810-009,S08,36.30,41.90,保留不确定并暂停,两次记录色块并列，困倦状态旁出现中性暂停图形,无相机运动,无AI动态源；确定性对照与暂停信息板,后期确定性叠加：一两次不成规律 / 困倦就暂停,deterministic-board,deterministic-board,no,,1,HC20260810-009-v01-S08-firstframe.png,HC20260810-009-v01-S08-candidate-a.png,,not-applicable,matrix-locked-pending-generation
HC20260810-009,S09,41.90,48.30,影响因素,人物在普通办公位停下输入，视线转向窗光,办公位侧面中景固定,人物只完成停手并转移视线一次,后期确定性叠加：睡眠 / 环境 / 任务类型,new,new,yes,手,2,HC20260810-009-v01-S09-firstframe.png,HC20260810-009-v01-S09-candidate-a.png,HC20260810-009-v01-S09-candidate-b.png,character-reference-v01.png,matrix-locked-pending-generation
HC20260810-009,S10,48.30,56.00,排活依据,一周日程色块中仅移动一个难任务块,无相机运动,无AI动态源；确定性结束板,后期确定性叠加：个人对比 / 下周排活,deterministic-board,deterministic-board,no,,1,HC20260810-009-v01-S10-firstframe.png,HC20260810-009-v01-S10-candidate-a.png,,not-applicable,matrix-locked-pending-generation
HC20260810-010,S01,00.00,04.00,每周总结钩子,周末客厅里七块记录色板围成一圈，重复与例外用不同位置表示,俯视确定性构图，低幅淡入,无AI动态源；七块无字记录板,后期确定性叠加：七天回看 / 重复与例外,deterministic-board,deterministic-board,yes,cover,2,HC20260810-010-v01-S01-firstframe.png,HC20260810-010-v01-S01-candidate-a.png,HC20260810-010-v01-S01-candidate-b.png,not-applicable,matrix-locked-pending-generation
HC20260810-010,S02,04.00,09.30,不打分,人物坐在沙发上放松看向黑屏手机,正面中远景固定,人物只抬起手机看一眼,后期确定性叠加：这一周不打分,new,new,yes,手+手机,2,HC20260810-010-v01-S02-firstframe.png,HC20260810-010-v01-S02-candidate-a.png,HC20260810-010-v01-S02-candidate-b.png,character-reference-v01.png,matrix-locked-pending-generation
HC20260810-010,S03,09.30,15.00,字段一,夜晚关灯与早晨拉帘两张生活板上下切换,无相机运动,无AI动态源；确定性日夜剪影板,后期确定性叠加：前一晚大致睡起,deterministic-board,deterministic-board,no,,1,HC20260810-010-v01-S03-firstframe.png,HC20260810-010-v01-S03-candidate-a.png,,not-applicable,matrix-locked-pending-generation
HC20260810-010,S04,15.00,20.70,字段二,午餐后人物收好餐具并离开餐桌,餐桌侧面全身中景,人物收一只餐具后离开一步,后期确定性叠加：午餐结束 / 饭后安排,new,new,yes,餐+餐具,2,HC20260810-010-v01-S04-firstframe.png,HC20260810-010-v01-S04-candidate-a.png,HC20260810-010-v01-S04-candidate-b.png,character-reference-v01.png,matrix-locked-pending-generation
HC20260810-010,S05,20.70,26.40,字段三,午后人物先倚椅发沉，另一时点顺畅完成一小事,相同房间两个机位硬切,两条独立人物源：短暂停顿；完成小动作,后期确定性叠加：发沉时点 / 做事较顺时点,new,new,no,,1,HC20260810-010-v01-S05-firstframe.png,HC20260810-010-v01-S05-candidate-a.png,,character-reference-v01.png,matrix-locked-pending-generation
HC20260810-010,S06,26.40,32.10,缺失处理,七块色板中一块保持暖米白空白,无相机运动,无AI动态源；确定性缺失板,后期确定性叠加：漏记留空 / 不补猜,deterministic-board,deterministic-board,no,,1,HC20260810-010-v01-S06-firstframe.png,HC20260810-010-v01-S06-candidate-a.png,,not-applicable,matrix-locked-pending-generation
HC20260810-010,S07,32.10,37.80,找重复例外,相同颜色色块靠拢，一块例外色保持距离,无相机运动,无AI动态源；确定性聚类板,后期确定性叠加：只圈重复与反常一天,deterministic-board,deterministic-board,no,,1,HC20260810-010-v01-S07-firstframe.png,HC20260810-010-v01-S07-candidate-a.png,,not-applicable,matrix-locked-pending-generation
HC20260810-010,S08,37.80,43.50,下周只改一项,人物在三个生活物件中只移动一个位置,俯拍家中置物台固定,人物只移动一个普通生活物件,后期确定性叠加：下一周只改一件,new,new,no,,1,HC20260810-010-v01-S08-firstframe.png,HC20260810-010-v01-S08-candidate-a.png,,character-reference-v01.png,matrix-locked-pending-generation
HC20260810-010,S09,43.50,50.20,七天边界,工作日与周末两组色块被一条短线连接，不出现结论章,无相机运动,无AI动态源；确定性边界板,后期确定性叠加：七天是编辑观察窗 / 不是期限,deterministic-board,deterministic-board,no,,1,HC20260810-010-v01-S09-firstframe.png,HC20260810-010-v01-S09-candidate-a.png,,not-applicable,matrix-locked-pending-generation
HC20260810-010,S10,50.20,57.00,下一轮与安全,同组字段沿路径进入下一周，安全提示停在路径起点,无相机运动,无AI动态源；确定性结束板,后期确定性叠加：同组字段继续 / 当下安全优先,deterministic-board,deterministic-board,no,,1,HC20260810-010-v01-S10-firstframe.png,HC20260810-010-v01-S10-candidate-a.png,,not-applicable,matrix-locked-pending-generation
