content_id,shot_id,generation_mode,source_first_frame,copy_first_frame,source_sha256,copy_sha256,prompt_file,prompt_sha256,timeline,minimum_grok_source_seconds,raw_output_template,pack_status
HC20260810-001,S01,grok_manual,09_泛健康日更/work/HC20260810-001/production/v01/03_first_frames/HC20260810-001-v01-S01-firstframe.png,09_泛健康日更/work/HC20260810-001/production/v01/04_grok_batch/manual_pack/01_first_frames/HC20260810-001-v01-S01-firstframe.png,b3c852ff963fd4abbfb187b6ba1d59fab1de01d83c2101125aac671a0e681394,b3c852ff963fd4abbfb187b6ba1d59fab1de01d83c2101125aac671a0e681394,09_泛健康日更/work/HC20260810-001/production/v01/04_grok_batch/manual_pack/02_prompts/HC20260810-001-v01-S01-prompt-zh-en.txt,6fe10ae953122b0ddccaf60f70502407ff77fc141dc60e0e8def2dc23ebfcba7,00.00-04.00,4.00,09_泛健康日更/work/HC20260810-001/production/v01/05_grok_videos/01_raw/HC20260810-001-v01-S01-takeNN.mp4,verified
HC20260810-001,S02,grok_manual,09_泛健康日更/work/HC20260810-001/production/v01/03_first_frames/HC20260810-001-v01-S02-firstframe.png,09_泛健康日更/work/HC20260810-001/production/v01/04_grok_batch/manual_pack/01_first_frames/HC20260810-001-v01-S02-firstframe.png,3216d4be1eac7717e2d0eff24b6bc8926027ea58aacb2ec110e58772fe104870,3216d4be1eac7717e2d0eff24b6bc8926027ea58aacb2ec110e58772fe104870,09_泛健康日更/work/HC20260810-001/production/v01/04_grok_batch/manual_pack/02_prompts/HC20260810-001-v01-S02-prompt-zh-en.txt,a3ee4d432b1bc762f9b65c39cbf481861503363bca81fc2e3bd4155aa1a04417,04.00-09.20,5.20,09_泛健康日更/work/HC20260810-001/production/v01/05_grok_videos/01_raw/HC20260810-001-v01-S02-takeNN.mp4,verified
HC20260810-001,S03,deterministic_post,09_泛健康日更/work/HC20260810-001/production/v01/03_first_frames/HC20260810-001-v01-S03-firstframe.png,09_泛健康日更/work/HC20260810-001/production/v01/04_grok_batch/manual_pack/01_first_frames/HC20260810-001-v01-S03-firstframe.png,0227b931e1253e161a2b4b67f21e34ff8875a4a0a3b58da3c1289be7b89efe58,0227b931e1253e161a2b4b67f21e34ff8875a4a0a3b58da3c1289be7b89efe58,09_泛健康日更/work/HC20260810-001/production/v01/04_grok_batch/manual_pack/02_prompts/HC20260810-001-v01-S03-prompt-zh-en.txt,8b23f6513c125fbc26a6390b98993e84629c30883490864afb93580072677073,09.20-14.40,0.00,09_泛健康日更/work/HC20260810-001/production/v01/06_edit/01_rough_cut/HC20260810-001-v01-S03-deterministic-post.mp4,verified
HC20260810-001,S04,grok_manual,09_泛健康日更/work/HC20260810-001/production/v01/03_first_frames/HC20260810-001-v01-S04-firstframe.png,09_泛健康日更/work/HC20260810-001/production/v01/04_grok_batch/manual_pack/01_first_frames/HC20260810-001-v01-S04-firstframe.png,47a195c23d5317a9c78173621fa11f5f7216ba55e4edafc79d199cd1c45c436b,47a195c23d5317a9c78173621fa11f5f7216ba55e4edafc79d199cd1c45c436b,09_泛健康日更/work/HC20260810-001/production/v01/04_grok_batch/manual_pack/02_prompts/HC20260810-001-v01-S04-prompt-zh-en.txt,91c1ab97e60483d6c746665a92d92fa7ed81c822ed7c34cdb9ad8547fa7fe687,14.40-19.80,5.40,09_泛健康日更/work/HC20260810-001/production/v01/05_grok_videos/01_raw/HC20260810-001-v01-S04-takeNN.mp4,verified
HC20260810-001,S05,grok_manual,09_泛健康日更/work/HC20260810-001/production/v01/03_first_frames/HC20260810-001-v01-S05-firstframe.png,09_泛健康日更/work/HC20260810-001/production/v01/04_grok_batch/manual_pack/01_first_frames/HC20260810-001-v01-S05-firstframe.png,dff77f067c2c0efa0302617c9e39ab3086f96db7819bd1c6327ebbaa7444811d,dff77f067c2c0efa0302617c9e39ab3086f96db7819bd1c6327ebbaa7444811d,09_泛健康日更/work/HC20260810-001/production/v01/04_grok_batch/manual_pack/02_prompts/HC20260810-001-v01-S05-prompt-zh-en.txt,e4095dd3867cced2d88255a61bf7b5ffacc79816a8621df7f273ca834818aec9,19.80-25.20,5.40,09_泛健康日更/work/HC20260810-001/production/v01/05_grok_videos/01_raw/HC20260810-001-v01-S05-takeNN.mp4,verified
HC20260810-001,S06,grok_manual,09_泛健康日更/work/HC20260810-001/production/v01/03_first_frames/HC20260810-001-v01-S06-firstframe.png,09_泛健康日更/work/HC20260810-001/production/v01/04_grok_batch/manual_pack/01_first_frames/HC20260810-001-v01-S06-firstframe.png,fe7abb38c27bd634d9df083217496f8093a3fcb79575724365e58ca7aa7e2c8b,fe7abb38c27bd634d9df083217496f8093a3fcb79575724365e58ca7aa7e2c8b,09_泛健康日更/work/HC20260810-001/production/v01/04_grok_batch/manual_pack/02_prompts/HC20260810-001-v01-S06-prompt-zh-en.txt,23c2d173ebc6b58da9068b84b40f1e9d4daf12c014913eb23ac6eff17a2dc7b2,25.20-30.60,5.40,09_泛健康日更/work/HC20260810-001/production/v01/05_grok_videos/01_raw/HC20260810-001-v01-S06-takeNN.mp4,verified
HC20260810-001,S07,grok_manual,09_泛健康日更/work/HC20260810-001/production/v01/03_first_frames/HC20260810-001-v01-S07-firstframe.png,09_泛健康日更/work/HC20260810-001/production/v01/04_grok_batch/manual_pack/01_first_frames/HC20260810-001-v01-S07-firstframe.png,c398e1370f6237b6de9104aa0c42377c45e1e4275a4f544d1f1cf3a80cdd3c91,c398e1370f6237b6de9104aa0c42377c45e1e4275a4f544d1f1cf3a80cdd3c91,09_泛健康日更/work/HC20260810-001/production/v01/04_grok_batch/manual_pack/02_prompts/HC20260810-001-v01-S07-prompt-zh-en.txt,cfc2b77099ac15654b8f4430477f0882deb2cd9f675ddc31bf487e6d554ca01e,30.60-36.20,5.60,09_泛健康日更/work/HC20260810-001/production/v01/05_grok_videos/01_raw/HC20260810-001-v01-S07-takeNN.mp4,verified
HC20260810-001,S08,deterministic_post,09_泛健康日更/work/HC20260810-001/production/v01/03_first_frames/HC20260810-001-v01-S08-firstframe.png,09_泛健康日更/work/HC20260810-001/production/v01/04_grok_batch/manual_pack/01_first_frames/HC20260810-001-v01-S08-firstframe.png,082cc1c38ad7f81ebd982c68c9234daa744d35da476fb74ed521d8aeb75f70f1,082cc1c38ad7f81ebd982c68c9234daa744d35da476fb74ed521d8aeb75f70f1,09_泛健康日更/work/HC20260810-001/production/v01/04_grok_batch/manual_pack/02_prompts/HC20260810-001-v01-S08-prompt-zh-en.txt,ef22260701f8f24d17ffd48f0ff90d3b0e893eb94ff8b20a9a12c0251e550297,36.20-42.00,0.00,09_泛健康日更/work/HC20260810-001/production/v01/06_edit/01_rough_cut/HC20260810-001-v01-S08-deterministic-post.mp4,verified
HC20260810-001,S09,grok_manual,09_泛健康日更/work/HC20260810-001/production/v01/03_first_frames/HC20260810-001-v01-S09-firstframe.png,09_泛健康日更/work/HC20260810-001/production/v01/04_grok_batch/manual_pack/01_first_frames/HC20260810-001-v01-S09-firstframe.png,b51e031d10ddc622459079fa4df77b52fa9e48a813203a645834a8cd93d420ef,b51e031d10ddc622459079fa4df77b52fa9e48a813203a645834a8cd93d420ef,09_泛健康日更/work/HC20260810-001/production/v01/04_grok_batch/manual_pack/02_prompts/HC20260810-001-v01-S09-prompt-zh-en.txt,87af318e6dd96504c7daf6e759739367019b72346de03498939bd4499e62b773,42.00-48.50,5.80,09_泛健康日更/work/HC20260810-001/production/v01/05_grok_videos/01_raw/HC20260810-001-v01-S09-takeNN.mp4,verified
HC20260810-001,S10,deterministic_post,09_泛健康日更/work/HC20260810-001/production/v01/03_first_frames/HC20260810-001-v01-S10-firstframe.png,09_泛健康日更/work/HC20260810-001/production/v01/04_grok_batch/manual_pack/01_first_frames/HC20260810-001-v01-S10-firstframe.png,a8f85b8463f4443994e585409aeda160aa3ede74725c0bd643bcc96979f2bae4,a8f85b8463f4443994e585409aeda160aa3ede74725c0bd643bcc96979f2bae4,09_泛健康日更/work/HC20260810-001/production/v01/04_grok_batch/manual_pack/02_prompts/HC20260810-001-v01-S10-prompt-zh-en.txt,22c608e515a680c6aa6f7117ff47a1c74d18dbb8a2ba2970047ad8de2dfa11bb,48.50-54.00,0.00,09_泛健康日更/work/HC20260810-001/production/v01/06_edit/01_rough_cut/HC20260810-001-v01-S10-deterministic-post.mp4,verified
HC20260810-002,S01,grok_manual,09_泛健康日更/work/HC20260810-002/production/v01/03_first_frames/HC20260810-002-v01-S01-firstframe.png,09_泛健康日更/work/HC20260810-002/production/v01/04_grok_batch/manual_pack/01_first_frames/HC20260810-002-v01-S01-firstframe.png,c849d17c006db022a3b15a89897af3e5a301e54b21d30ce3d9e461b63d4b1c6e,c849d17c006db022a3b15a89897af3e5a301e54b21d30ce3d9e461b63d4b1c6e,09_泛健康日更/work/HC20260810-002/production/v01/04_grok_batch/manual_pack/02_prompts/HC20260810-002-v01-S01-prompt-zh-en.txt,bd34a53d77fab195d2d5a0cf8ff10ab2cc37d71f2bd1acd1cbc43edccd68dee0,00.00-04.00,4.00,09_泛健康日更/work/HC20260810-002/production/v01/05_grok_videos/01_raw/HC20260810-002-v01-S01-takeNN.mp4,verified
HC20260810-002,S02,deterministic_post,09_泛健康日更/work/HC20260810-002/production/v01/03_first_frames/HC20260810-002-v01-S02-firstframe.png,09_泛健康日更/work/HC20260810-002/production/v01/04_grok_batch/manual_pack/01_first_frames/HC20260810-002-v01-S02-firstframe.png,e6059ff3ef10e7cd9c0e7c062ef7ed792f7575c37552ab42ea0013863b9e8dd4,e6059ff3ef10e7cd9c0e7c062ef7ed792f7575c37552ab42ea0013863b9e8dd4,09_泛健康日更/work/HC20260810-002/production/v01/04_grok_batch/manual_pack/02_prompts/HC20260810-002-v01-S02-prompt-zh-en.txt,b781bcec6fab8b1bfa12e88667f614b54b89fa1152dabe773140c33f283d4e2d,04.00-09.40,0.00,09_泛健康日更/work/HC20260810-002/production/v01/06_edit/01_rough_cut/HC20260810-002-v01-S02-deterministic-post.mp4,verified
HC20260810-002,S03,grok_manual,09_泛健康日更/work/HC20260810-002/production/v01/03_first_frames/HC20260810-002-v01-S03-firstframe.png,09_泛健康日更/work/HC20260810-002/production/v01/04_grok_batch/manual_pack/01_first_frames/HC20260810-002-v01-S03-firstframe.png,333ddb73f1db1e5874491469ea43911994fe92919c83e69a33440eab7f44d4b5,333ddb73f1db1e5874491469ea43911994fe92919c83e69a33440eab7f44d4b5,09_泛健康日更/work/HC20260810-002/production/v01/04_grok_batch/manual_pack/02_prompts/HC20260810-002-v01-S03-prompt-zh-en.txt,49eb79efe75378ad811310786f812b64b78211e795a71d5f08685519925a6e39,09.40-14.80,5.40,09_泛健康日更/work/HC20260810-002/production/v01/05_grok_videos/01_raw/HC20260810-002-v01-S03-takeNN.mp4,verified
HC20260810-002,S04,grok_manual,09_泛健康日更/work/HC20260810-002/production/v01/03_first_frames/HC20260810-002-v01-S04-firstframe.png,09_泛健康日更/work/HC20260810-002/production/v01/04_grok_batch/manual_pack/01_first_frames/HC20260810-002-v01-S04-firstframe.png,262f918aa070df29b4ace913fb544b26baa7ce389d03dac8b18ee1055e082e5f,262f918aa070df29b4ace913fb544b26baa7ce389d03dac8b18ee1055e082e5f,09_泛健康日更/work/HC20260810-002/production/v01/04_grok_batch/manual_pack/02_prompts/HC20260810-002-v01-S04-prompt-zh-en.txt,77c51e1ca26a80a57f94c1a6d1b9fca85c8acea4f5c03e35cc99779837c95b91,14.80-20.20,5.40,09_泛健康日更/work/HC20260810-002/production/v01/05_grok_videos/01_raw/HC20260810-002-v01-S04-takeNN.mp4,verified
HC20260810-002,S05,grok_manual,09_泛健康日更/work/HC20260810-002/production/v01/03_first_frames/HC20260810-002-v01-S05-firstframe.png,09_泛健康日更/work/HC20260810-002/production/v01/04_grok_batch/manual_pack/01_first_frames/HC20260810-002-v01-S05-firstframe.png,5b0959d59261470776f1fc05c7a232627f380d946e6e17bdce95c442568136f7,5b0959d59261470776f1fc05c7a232627f380d946e6e17bdce95c442568136f7,09_泛健康日更/work/HC20260810-002/production/v01/04_grok_batch/manual_pack/02_prompts/HC20260810-002-v01-S05-prompt-zh-en.txt,d80da1e9b4b66310ec4afa9519d772c1ee3c9620a36eeee24f8bc5178897b7da,20.20-25.60,5.40,09_泛健康日更/work/HC20260810-002/production/v01/05_grok_videos/01_raw/HC20260810-002-v01-S05-takeNN.mp4,verified
HC20260810-002,S06,grok_manual,09_泛健康日更/work/HC20260810-002/production/v01/03_first_frames/HC20260810-002-v01-S06-firstframe.png,09_泛健康日更/work/HC20260810-002/production/v01/04_grok_batch/manual_pack/01_first_frames/HC20260810-002-v01-S06-firstframe.png,f21bf18c41201bcaf38a2e54fcf2fe397aa8b5a4f3e983fb6d4ca1d190a26464,f21bf18c41201bcaf38a2e54fcf2fe397aa8b5a4f3e983fb6d4ca1d190a26464,09_泛健康日更/work/HC20260810-002/production/v01/04_grok_batch/manual_pack/02_prompts/HC20260810-002-v01-S06-prompt-zh-en.txt,d305577e684ba2288634807da3f56ea9a85115b92ff96d3cf8e255aa5e79e95a,25.60-31.10,5.50,09_泛健康日更/work/HC20260810-002/production/v01/05_grok_videos/01_raw/HC20260810-002-v01-S06-takeNN.mp4,verified
HC20260810-002,S07,grok_manual,09_泛健康日更/work/HC20260810-002/production/v01/03_first_frames/HC20260810-002-v01-S07-firstframe.png,09_泛健康日更/work/HC20260810-002/production/v01/04_grok_batch/manual_pack/01_first_frames/HC20260810-002-v01-S07-firstframe.png,aa06cd2a24c4e2c580eb1c1e4c9808b5bf68a8f2bcf057148e959dd4db1fe8ff,aa06cd2a24c4e2c580eb1c1e4c9808b5bf68a8f2bcf057148e959dd4db1fe8ff,09_泛健康日更/work/HC20260810-002/production/v01/04_grok_batch/manual_pack/02_prompts/HC20260810-002-v01-S07-prompt-zh-en.txt,1e3b6632648e032fd6756afe13d9014bab8751add6973b7c69cd0f6540c10e95,31.10-36.70,5.60,09_泛健康日更/work/HC20260810-002/production/v01/05_grok_videos/01_raw/HC20260810-002-v01-S07-takeNN.mp4,verified
HC20260810-002,S08,grok_manual,09_泛健康日更/work/HC20260810-002/production/v01/03_first_frames/HC20260810-002-v01-S08-firstframe.png,09_泛健康日更/work/HC20260810-002/production/v01/04_grok_batch/manual_pack/01_first_frames/HC20260810-002-v01-S08-firstframe.png,5458290eec7c0119317a116aba0ca67554220a8846ae6bbe2c3fee45d804af37,5458290eec7c0119317a116aba0ca67554220a8846ae6bbe2c3fee45d804af37,09_泛健康日更/work/HC20260810-002/production/v01/04_grok_batch/manual_pack/02_prompts/HC20260810-002-v01-S08-prompt-zh-en.txt,0c91b1cc7b1ed89b5da97bd961ed54fc0ec57354fe35eaf41af297c43f22b102,36.70-42.40,5.70,09_泛健康日更/work/HC20260810-002/production/v01/05_grok_videos/01_raw/HC20260810-002-v01-S08-takeNN.mp4,verified
HC20260810-002,S09,deterministic_post,09_泛健康日更/work/HC20260810-002/production/v01/03_first_frames/HC20260810-002-v01-S09-firstframe.png,09_泛健康日更/work/HC20260810-002/production/v01/04_grok_batch/manual_pack/01_first_frames/HC20260810-002-v01-S09-firstframe.png,a38c6d60bc0257428feb14fff2addc0943f59f04042c8dcde74370e682814023,a38c6d60bc0257428feb14fff2addc0943f59f04042c8dcde74370e682814023,09_泛健康日更/work/HC20260810-002/production/v01/04_grok_batch/manual_pack/02_prompts/HC20260810-002-v01-S09-prompt-zh-en.txt,e02597125d3d3e9c699a03aefd032cc1720fb641f06239343de8ad906dc6d171,42.40-48.60,0.00,09_泛健康日更/work/HC20260810-002/production/v01/06_edit/01_rough_cut/HC20260810-002-v01-S09-deterministic-post.mp4,verified
HC20260810-002,S10,deterministic_post,09_泛健康日更/work/HC20260810-002/production/v01/03_first_frames/HC20260810-002-v01-S10-firstframe.png,09_泛健康日更/work/HC20260810-002/production/v01/04_grok_batch/manual_pack/01_first_frames/HC20260810-002-v01-S10-firstframe.png,c5e69bf794b63cd36ac941c0d08f35871ce9e8135e0b6540a7b44d4da7f28d23,c5e69bf794b63cd36ac941c0d08f35871ce9e8135e0b6540a7b44d4da7f28d23,09_泛健康日更/work/HC20260810-002/production/v01/04_grok_batch/manual_pack/02_prompts/HC20260810-002-v01-S10-prompt-zh-en.txt,a8db702254d64e09404f36f863ef4ebf2e351452865887c1613257162d782f50,48.60-55.00,0.00,09_泛健康日更/work/HC20260810-002/production/v01/06_edit/01_rough_cut/HC20260810-002-v01-S10-deterministic-post.mp4,verified
HC20260810-003,S01,grok_manual,09_泛健康日更/work/HC20260810-003/production/v01/03_first_frames/HC20260810-003-v01-S01-firstframe.png,09_泛健康日更/work/HC20260810-003/production/v01/04_grok_batch/manual_pack/01_first_frames/HC20260810-003-v01-S01-firstframe.png,32fad8b746573df906464e3acbc66adcf5a7e4d04c5a56cd10d828bcc4b6a358,32fad8b746573df906464e3acbc66adcf5a7e4d04c5a56cd10d828bcc4b6a358,09_泛健康日更/work/HC20260810-003/production/v01/04_grok_batch/manual_pack/02_prompts/HC20260810-003-v01-S01-prompt-zh-en.txt,1eb1ed567992830e4b3d293c6982bdc71b3e7cb1f78c183872b59e3aa484f1dd,00.00-04.00,4.00,09_泛健康日更/work/HC20260810-003/production/v01/05_grok_videos/01_raw/HC20260810-003-v01-S01-takeNN.mp4,verified
HC20260810-003,S02,grok_manual,09_泛健康日更/work/HC20260810-003/production/v01/03_first_frames/HC20260810-003-v01-S02-firstframe.png,09_泛健康日更/work/HC20260810-003/production/v01/04_grok_batch/manual_pack/01_first_frames/HC20260810-003-v01-S02-firstframe.png,05309d5c341f121a8c0a400f17f748bf1457bbecc3f36168632e841103c1d080,05309d5c341f121a8c0a400f17f748bf1457bbecc3f36168632e841103c1d080,09_泛健康日更/work/HC20260810-003/production/v01/04_grok_batch/manual_pack/02_prompts/HC20260810-003-v01-S02-prompt-zh-en.txt,6f4abf2cbcabdbaec7a95b404be81d895e08e302c0dbbccbe52956b6fea52edf,04.00-09.00,5.00,09_泛健康日更/work/HC20260810-003/production/v01/05_grok_videos/01_raw/HC20260810-003-v01-S02-takeNN.mp4,verified
HC20260810-003,S03,deterministic_post,09_泛健康日更/work/HC20260810-003/production/v01/03_first_frames/HC20260810-003-v01-S03-firstframe.png,09_泛健康日更/work/HC20260810-003/production/v01/04_grok_batch/manual_pack/01_first_frames/HC20260810-003-v01-S03-firstframe.png,301d09376129abe9858ac34f48e9f35683347f214d80de4dee8ada08f87e34db,301d09376129abe9858ac34f48e9f35683347f214d80de4dee8ada08f87e34db,09_泛健康日更/work/HC20260810-003/production/v01/04_grok_batch/manual_pack/02_prompts/HC20260810-003-v01-S03-prompt-zh-en.txt,f709fb09bf4d2164a0d19d4cf4a95b4c4dfc6d13acd4eb89b09c08eae9b70d45,09.00-14.00,0.00,09_泛健康日更/work/HC20260810-003/production/v01/06_edit/01_rough_cut/HC20260810-003-v01-S03-deterministic-post.mp4,verified
HC20260810-003,S04,grok_manual,09_泛健康日更/work/HC20260810-003/production/v01/03_first_frames/HC20260810-003-v01-S04-firstframe.png,09_泛健康日更/work/HC20260810-003/production/v01/04_grok_batch/manual_pack/01_first_frames/HC20260810-003-v01-S04-firstframe.png,06a0cca336f9c9ac43b082c507c23b0088adabd85a5cc4cbc7cfda418f2fff45,06a0cca336f9c9ac43b082c507c23b0088adabd85a5cc4cbc7cfda418f2fff45,09_泛健康日更/work/HC20260810-003/production/v01/04_grok_batch/manual_pack/02_prompts/HC20260810-003-v01-S04-prompt-zh-en.txt,30a6e94fbb7a52dfe8c306d398010b5ac729c2d5f3fb08709e1d74cf15b69fb2,14.00-19.50,5.50,09_泛健康日更/work/HC20260810-003/production/v01/05_grok_videos/01_raw/HC20260810-003-v01-S04-takeNN.mp4,verified
HC20260810-003,S05,grok_manual,09_泛健康日更/work/HC20260810-003/production/v01/03_first_frames/HC20260810-003-v01-S05-firstframe.png,09_泛健康日更/work/HC20260810-003/production/v01/04_grok_batch/manual_pack/01_first_frames/HC20260810-003-v01-S05-firstframe.png,802b42cc210425d087f335882ea36a37f8a26e2281304e26ccd208dc4105e960,802b42cc210425d087f335882ea36a37f8a26e2281304e26ccd208dc4105e960,09_泛健康日更/work/HC20260810-003/production/v01/04_grok_batch/manual_pack/02_prompts/HC20260810-003-v01-S05-prompt-zh-en.txt,6e9d7fa6a8ed225ef23267d915211bd0b4595158560e9fd2cd38c2c436058a62,19.50-25.00,5.50,09_泛健康日更/work/HC20260810-003/production/v01/05_grok_videos/01_raw/HC20260810-003-v01-S05-takeNN.mp4,verified
HC20260810-003,S06,grok_manual,09_泛健康日更/work/HC20260810-003/production/v01/03_first_frames/HC20260810-003-v01-S06-firstframe.png,09_泛健康日更/work/HC20260810-003/production/v01/04_grok_batch/manual_pack/01_first_frames/HC20260810-003-v01-S06-firstframe.png,62d9fee71a209ce1cea3e39061749507a0c296454589c7f4a294f18b3e859ee2,62d9fee71a209ce1cea3e39061749507a0c296454589c7f4a294f18b3e859ee2,09_泛健康日更/work/HC20260810-003/production/v01/04_grok_batch/manual_pack/02_prompts/HC20260810-003-v01-S06-prompt-zh-en.txt,8353406e91fc32f7d35c93eaae52428db60307c9331edd19508cdde0553a247b,25.00-30.50,5.50,09_泛健康日更/work/HC20260810-003/production/v01/05_grok_videos/01_raw/HC20260810-003-v01-S06-takeNN.mp4,verified
HC20260810-003,S07,deterministic_post,09_泛健康日更/work/HC20260810-003/production/v01/03_first_frames/HC20260810-003-v01-S07-firstframe.png,09_泛健康日更/work/HC20260810-003/production/v01/04_grok_batch/manual_pack/01_first_frames/HC20260810-003-v01-S07-firstframe.png,4b00b7752cae6bd2d3e9b8b921148a8e74e17642b7691894bea50460b5b80515,4b00b7752cae6bd2d3e9b8b921148a8e74e17642b7691894bea50460b5b80515,09_泛健康日更/work/HC20260810-003/production/v01/04_grok_batch/manual_pack/02_prompts/HC20260810-003-v01-S07-prompt-zh-en.txt,00363ad4b0a3cff60af0e76e7b4a7ec6e9130ea4d63ceffcd602ca2bf8eac5cc,30.50-36.00,0.00,09_泛健康日更/work/HC20260810-003/production/v01/06_edit/01_rough_cut/HC20260810-003-v01-S07-deterministic-post.mp4,verified
HC20260810-003,S08,grok_manual,09_泛健康日更/work/HC20260810-003/production/v01/03_first_frames/HC20260810-003-v01-S08-firstframe.png,09_泛健康日更/work/HC20260810-003/production/v01/04_grok_batch/manual_pack/01_first_frames/HC20260810-003-v01-S08-firstframe.png,aaaca833b87a55a4c4f8086ded09f959fa0e2730f07c8ccad4912d81eb976217,aaaca833b87a55a4c4f8086ded09f959fa0e2730f07c8ccad4912d81eb976217,09_泛健康日更/work/HC20260810-003/production/v01/04_grok_batch/manual_pack/02_prompts/HC20260810-003-v01-S08-prompt-zh-en.txt,7705d42b346d7752314d9577a73dd7788e1ea08397541d26fd2f64868c6da7d7,36.00-41.80,5.80,09_泛健康日更/work/HC20260810-003/production/v01/05_grok_videos/01_raw/HC20260810-003-v01-S08-takeNN.mp4,verified
HC20260810-003,S09,grok_manual,09_泛健康日更/work/HC20260810-003/production/v01/03_first_frames/HC20260810-003-v01-S09-firstframe.png,09_泛健康日更/work/HC20260810-003/production/v01/04_grok_batch/manual_pack/01_first_frames/HC20260810-003-v01-S09-firstframe.png,bff8a986fb10938fe4f58d16c29ddc13e1d8ff6e92e3883da0cad3f99f4ec611,bff8a986fb10938fe4f58d16c29ddc13e1d8ff6e92e3883da0cad3f99f4ec611,09_泛健康日更/work/HC20260810-003/production/v01/04_grok_batch/manual_pack/02_prompts/HC20260810-003-v01-S09-prompt-zh-en.txt,49fa79714dfce97a57f91f03c29a31a2dcde4e820a87f42d98383d87b0831b0a,41.80-48.00,5.80,09_泛健康日更/work/HC20260810-003/production/v01/05_grok_videos/01_raw/HC20260810-003-v01-S09-takeNN.mp4,verified
HC20260810-003,S10,deterministic_post,09_泛健康日更/work/HC20260810-003/production/v01/03_first_frames/HC20260810-003-v01-S10-firstframe.png,09_泛健康日更/work/HC20260810-003/production/v01/04_grok_batch/manual_pack/01_first_frames/HC20260810-003-v01-S10-firstframe.png,c2a5f88d4c681ebf5a373561823705b7109c68faaf63374686c1bbcd91ee1f47,c2a5f88d4c681ebf5a373561823705b7109c68faaf63374686c1bbcd91ee1f47,09_泛健康日更/work/HC20260810-003/production/v01/04_grok_batch/manual_pack/02_prompts/HC20260810-003-v01-S10-prompt-zh-en.txt,80efb5f6a17e1c02e4fa4d07ba063263bb82ab106ce637698a91b47f490f9d82,48.00-55.00,0.00,09_泛健康日更/work/HC20260810-003/production/v01/06_edit/01_rough_cut/HC20260810-003-v01-S10-deterministic-post.mp4,verified
HC20260810-004,S01,deterministic_post,09_泛健康日更/work/HC20260810-004/production/v01/03_first_frames/HC20260810-004-v01-S01-firstframe.png,09_泛健康日更/work/HC20260810-004/production/v01/04_grok_batch/manual_pack/01_first_frames/HC20260810-004-v01-S01-firstframe.png,18c8c7da776a75dacc1329f2bd40a489d95ae29ddf480fc51c0f1afe1d8c984f,18c8c7da776a75dacc1329f2bd40a489d95ae29ddf480fc51c0f1afe1d8c984f,09_泛健康日更/work/HC20260810-004/production/v01/04_grok_batch/manual_pack/02_prompts/HC20260810-004-v01-S01-prompt-zh-en.txt,f267b151b8ee00e0c4179039d9ec8790839b3d3fc8a6a95164a0158ee6b2d419,00.00-04.00,0.00,09_泛健康日更/work/HC20260810-004/production/v01/06_edit/01_rough_cut/HC20260810-004-v01-S01-deterministic-post.mp4,verified
HC20260810-004,S02,grok_manual,09_泛健康日更/work/HC20260810-004/production/v01/03_first_frames/HC20260810-004-v01-S02-firstframe.png,09_泛健康日更/work/HC20260810-004/production/v01/04_grok_batch/manual_pack/01_first_frames/HC20260810-004-v01-S02-firstframe.png,e9d089b1b5e08b59efeccfae05c3d98f28620d8d01690a9c5216a1614368f45d,e9d089b1b5e08b59efeccfae05c3d98f28620d8d01690a9c5216a1614368f45d,09_泛健康日更/work/HC20260810-004/production/v01/04_grok_batch/manual_pack/02_prompts/HC20260810-004-v01-S02-prompt-zh-en.txt,d74650e5c2c3db5c6c3c737caeddb91a3859dff83d32fc1e58b91f369eeff3e1,04.00-09.20,5.20,09_泛健康日更/work/HC20260810-004/production/v01/05_grok_videos/01_raw/HC20260810-004-v01-S02-takeNN.mp4,verified
HC20260810-004,S03,grok_manual,09_泛健康日更/work/HC20260810-004/production/v01/03_first_frames/HC20260810-004-v01-S03-firstframe.png,09_泛健康日更/work/HC20260810-004/production/v01/04_grok_batch/manual_pack/01_first_frames/HC20260810-004-v01-S03-firstframe.png,950757e90a34ee63a3377b026dacd0d2d2bc28120f75c4adb0b31cdbc6815cee,950757e90a34ee63a3377b026dacd0d2d2bc28120f75c4adb0b31cdbc6815cee,09_泛健康日更/work/HC20260810-004/production/v01/04_grok_batch/manual_pack/02_prompts/HC20260810-004-v01-S03-prompt-zh-en.txt,a4813e87bd0840d75b7f021b05490fc9d88f9169c7692064467d4c2f2d548feb,09.20-14.90,5.70,09_泛健康日更/work/HC20260810-004/production/v01/05_grok_videos/01_raw/HC20260810-004-v01-S03A-takeNN.mp4|09_泛健康日更/work/HC20260810-004/production/v01/05_grok_videos/01_raw/HC20260810-004-v01-S03B-takeNN.mp4,verified
HC20260810-004,S04,grok_manual,09_泛健康日更/work/HC20260810-004/production/v01/03_first_frames/HC20260810-004-v01-S04-firstframe.png,09_泛健康日更/work/HC20260810-004/production/v01/04_grok_batch/manual_pack/01_first_frames/HC20260810-004-v01-S04-firstframe.png,a4acd32ca95071875366d6ad082221ad41e8f1e949301a4b78b1d7df33034d1b,a4acd32ca95071875366d6ad082221ad41e8f1e949301a4b78b1d7df33034d1b,09_泛健康日更/work/HC20260810-004/production/v01/04_grok_batch/manual_pack/02_prompts/HC20260810-004-v01-S04-prompt-zh-en.txt,699beeb91d641e334678679998da65882e02a7ec3902c20ba24cc73438335611,14.90-20.20,5.30,09_泛健康日更/work/HC20260810-004/production/v01/05_grok_videos/01_raw/HC20260810-004-v01-S04-takeNN.mp4,verified
HC20260810-004,S05,grok_manual,09_泛健康日更/work/HC20260810-004/production/v01/03_first_frames/HC20260810-004-v01-S05-firstframe.png,09_泛健康日更/work/HC20260810-004/production/v01/04_grok_batch/manual_pack/01_first_frames/HC20260810-004-v01-S05-firstframe.png,9b6be7190d64657d80b949214bc827c0ad2d39c43286cd2f99be5fabd2a7351e,9b6be7190d64657d80b949214bc827c0ad2d39c43286cd2f99be5fabd2a7351e,09_泛健康日更/work/HC20260810-004/production/v01/04_grok_batch/manual_pack/02_prompts/HC20260810-004-v01-S05-prompt-zh-en.txt,6efe108c00d5ae472de62d13627e0adea4e969cc3b3a5059536b5edd64a5c2e3,20.20-25.00,4.80,09_泛健康日更/work/HC20260810-004/production/v01/05_grok_videos/01_raw/HC20260810-004-v01-S05-takeNN.mp4,verified
HC20260810-004,S06,grok_manual,09_泛健康日更/work/HC20260810-004/production/v01/03_first_frames/HC20260810-004-v01-S06-firstframe.png,09_泛健康日更/work/HC20260810-004/production/v01/04_grok_batch/manual_pack/01_first_frames/HC20260810-004-v01-S06-firstframe.png,36fd7218d48a35b33f354e7c07c0ec42c3597113ad21cb27aa84006ed3dfaa96,36fd7218d48a35b33f354e7c07c0ec42c3597113ad21cb27aa84006ed3dfaa96,09_泛健康日更/work/HC20260810-004/production/v01/04_grok_batch/manual_pack/02_prompts/HC20260810-004-v01-S06-prompt-zh-en.txt,bc31ab2001f655c2ef4cdcc926da9e3c0ba94e1a68490b05a1f3ca4d6fa620e2,25.00-30.30,5.30,09_泛健康日更/work/HC20260810-004/production/v01/05_grok_videos/01_raw/HC20260810-004-v01-S06-takeNN.mp4,verified
HC20260810-004,S07,grok_manual,09_泛健康日更/work/HC20260810-004/production/v01/03_first_frames/HC20260810-004-v01-S07-firstframe.png,09_泛健康日更/work/HC20260810-004/production/v01/04_grok_batch/manual_pack/01_first_frames/HC20260810-004-v01-S07-firstframe.png,86f018f359ac4fb07d47a191a92ed1774f06e6803c34c31b261a0c5768d8958a,86f018f359ac4fb07d47a191a92ed1774f06e6803c34c31b261a0c5768d8958a,09_泛健康日更/work/HC20260810-004/production/v01/04_grok_batch/manual_pack/02_prompts/HC20260810-004-v01-S07-prompt-zh-en.txt,d09dcc4f1519b59f7196e717522630f378e46b9d96a84ee853dd1ba3e47834ca,30.30-35.60,5.30,09_泛健康日更/work/HC20260810-004/production/v01/05_grok_videos/01_raw/HC20260810-004-v01-S07-takeNN.mp4,verified
HC20260810-004,S08,deterministic_post,09_泛健康日更/work/HC20260810-004/production/v01/03_first_frames/HC20260810-004-v01-S08-firstframe.png,09_泛健康日更/work/HC20260810-004/production/v01/04_grok_batch/manual_pack/01_first_frames/HC20260810-004-v01-S08-firstframe.png,62165c540f63c02a5ee6803b0fc08c3be195e274d003dace014cc165969ca24e,62165c540f63c02a5ee6803b0fc08c3be195e274d003dace014cc165969ca24e,09_泛健康日更/work/HC20260810-004/production/v01/04_grok_batch/manual_pack/02_prompts/HC20260810-004-v01-S08-prompt-zh-en.txt,8a302ed62ac6977cffedf495475d440fece585e58f0556b702dca6a496069edb,35.60-41.00,0.00,09_泛健康日更/work/HC20260810-004/production/v01/06_edit/01_rough_cut/HC20260810-004-v01-S08-deterministic-post.mp4,verified
HC20260810-004,S09,grok_manual,09_泛健康日更/work/HC20260810-004/production/v01/03_first_frames/HC20260810-004-v01-S09-firstframe.png,09_泛健康日更/work/HC20260810-004/production/v01/04_grok_batch/manual_pack/01_first_frames/HC20260810-004-v01-S09-firstframe.png,87181d1586621c93b031fe4542c99056a2b6eeee2f8234bfac41498d68765705,87181d1586621c93b031fe4542c99056a2b6eeee2f8234bfac41498d68765705,09_泛健康日更/work/HC20260810-004/production/v01/04_grok_batch/manual_pack/02_prompts/HC20260810-004-v01-S09-prompt-zh-en.txt,8f150b1bc2c94605db104f73e8be34c42fecb79bb4e1cade869b297fbaf82dc2,41.00-47.20,5.80,09_泛健康日更/work/HC20260810-004/production/v01/05_grok_videos/01_raw/HC20260810-004-v01-S09-takeNN.mp4,verified
HC20260810-004,S10,deterministic_post,09_泛健康日更/work/HC20260810-004/production/v01/03_first_frames/HC20260810-004-v01-S10-firstframe.png,09_泛健康日更/work/HC20260810-004/production/v01/04_grok_batch/manual_pack/01_first_frames/HC20260810-004-v01-S10-firstframe.png,6729c508cf00d90ab3434f3770fb18da72160abd5c38941ea0cfdf2883e7b608,6729c508cf00d90ab3434f3770fb18da72160abd5c38941ea0cfdf2883e7b608,09_泛健康日更/work/HC20260810-004/production/v01/04_grok_batch/manual_pack/02_prompts/HC20260810-004-v01-S10-prompt-zh-en.txt,aa41ff16a6a7dce1ca98391a94312d632d83082fecd2d304f019aa5e220487ab,47.20-54.00,0.00,09_泛健康日更/work/HC20260810-004/production/v01/06_edit/01_rough_cut/HC20260810-004-v01-S10-deterministic-post.mp4,verified
HC20260810-005,S01,grok_manual,09_泛健康日更/work/HC20260810-005/production/v01/03_first_frames/HC20260810-005-v01-S01-firstframe.png,09_泛健康日更/work/HC20260810-005/production/v01/04_grok_batch/manual_pack/01_first_frames/HC20260810-005-v01-S01-firstframe.png,3d7f949c8f6dd935d001dc3be011b64da797203f64f8acd03cd57e6a64150a93,3d7f949c8f6dd935d001dc3be011b64da797203f64f8acd03cd57e6a64150a93,09_泛健康日更/work/HC20260810-005/production/v01/04_grok_batch/manual_pack/02_prompts/HC20260810-005-v01-S01-prompt-zh-en.txt,8469445484b0a540cf136505660ba9640b0ea4c6b37b3437416d03930f83989c,00.00-04.00,4.00,09_泛健康日更/work/HC20260810-005/production/v01/05_grok_videos/01_raw/HC20260810-005-v01-S01-takeNN.mp4,verified
HC20260810-005,S02,grok_manual,09_泛健康日更/work/HC20260810-005/production/v01/03_first_frames/HC20260810-005-v01-S02-firstframe.png,09_泛健康日更/work/HC20260810-005/production/v01/04_grok_batch/manual_pack/01_first_frames/HC20260810-005-v01-S02-firstframe.png,03fb5eb2ad52001e9bbe4f0c675bc9011a063522f3c3f69e78f4ff2d67071739,03fb5eb2ad52001e9bbe4f0c675bc9011a063522f3c3f69e78f4ff2d67071739,09_泛健康日更/work/HC20260810-005/production/v01/04_grok_batch/manual_pack/02_prompts/HC20260810-005-v01-S02-prompt-zh-en.txt,dc8d72c8b53484a8c581667e52f93be97e910ed4a1cff3a3867d1d58e24ac8fe,04.00-09.20,5.20,09_泛健康日更/work/HC20260810-005/production/v01/05_grok_videos/01_raw/HC20260810-005-v01-S02-takeNN.mp4,verified
HC20260810-005,S03,grok_manual,09_泛健康日更/work/HC20260810-005/production/v01/03_first_frames/HC20260810-005-v01-S03-firstframe.png,09_泛健康日更/work/HC20260810-005/production/v01/04_grok_batch/manual_pack/01_first_frames/HC20260810-005-v01-S03-firstframe.png,84ee0f278cccf95a7107f377b4570a93b17a3122e0af18f36339d235099d3dc0,84ee0f278cccf95a7107f377b4570a93b17a3122e0af18f36339d235099d3dc0,09_泛健康日更/work/HC20260810-005/production/v01/04_grok_batch/manual_pack/02_prompts/HC20260810-005-v01-S03-prompt-zh-en.txt,9e39b24cca01045f458afc64414ceb9c8fb44482248cb4272fea41cedb7993ed,09.20-14.50,5.30,09_泛健康日更/work/HC20260810-005/production/v01/05_grok_videos/01_raw/HC20260810-005-v01-S03-takeNN.mp4,verified
HC20260810-005,S04,deterministic_post,09_泛健康日更/work/HC20260810-005/production/v01/03_first_frames/HC20260810-005-v01-S04-firstframe.png,09_泛健康日更/work/HC20260810-005/production/v01/04_grok_batch/manual_pack/01_first_frames/HC20260810-005-v01-S04-firstframe.png,fb72921c5eea6358eef40cf5c804dbb71ccce56c5fcbf889edbd7313115c57e0,fb72921c5eea6358eef40cf5c804dbb71ccce56c5fcbf889edbd7313115c57e0,09_泛健康日更/work/HC20260810-005/production/v01/04_grok_batch/manual_pack/02_prompts/HC20260810-005-v01-S04-prompt-zh-en.txt,078374f3537e27d180d8f9b9fea0fcd999a422fa68e3348029c8450b2f41d005,14.50-19.80,0.00,09_泛健康日更/work/HC20260810-005/production/v01/06_edit/01_rough_cut/HC20260810-005-v01-S04-deterministic-post.mp4,verified
HC20260810-005,S05,grok_manual,09_泛健康日更/work/HC20260810-005/production/v01/03_first_frames/HC20260810-005-v01-S05-firstframe.png,09_泛健康日更/work/HC20260810-005/production/v01/04_grok_batch/manual_pack/01_first_frames/HC20260810-005-v01-S05-firstframe.png,860a17d37988a369a3ea14a15ef48741f5f99ff2c2ef7cd89dc6baf9b5a6660b,860a17d37988a369a3ea14a15ef48741f5f99ff2c2ef7cd89dc6baf9b5a6660b,09_泛健康日更/work/HC20260810-005/production/v01/04_grok_batch/manual_pack/02_prompts/HC20260810-005-v01-S05-prompt-zh-en.txt,cb8a38922d42f80cb10a15920d535f3984d66f148af349f7fdc3a65d4ca24b27,19.80-25.20,5.40,09_泛健康日更/work/HC20260810-005/production/v01/05_grok_videos/01_raw/HC20260810-005-v01-S05-takeNN.mp4,verified
HC20260810-005,S06,grok_manual,09_泛健康日更/work/HC20260810-005/production/v01/03_first_frames/HC20260810-005-v01-S06-firstframe.png,09_泛健康日更/work/HC20260810-005/production/v01/04_grok_batch/manual_pack/01_first_frames/HC20260810-005-v01-S06-firstframe.png,fb03a5f41501a74ba483a4fcef03f51e18f46dd615fc605e4bd03dcf37838af7,fb03a5f41501a74ba483a4fcef03f51e18f46dd615fc605e4bd03dcf37838af7,09_泛健康日更/work/HC20260810-005/production/v01/04_grok_batch/manual_pack/02_prompts/HC20260810-005-v01-S06-prompt-zh-en.txt,9375107b46eafc987f1e73a2088e872d1ba142097ec114aa0572a695778aba8e,25.20-30.70,5.50,09_泛健康日更/work/HC20260810-005/production/v01/05_grok_videos/01_raw/HC20260810-005-v01-S06-takeNN.mp4,verified
HC20260810-005,S07,grok_manual,09_泛健康日更/work/HC20260810-005/production/v01/03_first_frames/HC20260810-005-v01-S07-firstframe.png,09_泛健康日更/work/HC20260810-005/production/v01/04_grok_batch/manual_pack/01_first_frames/HC20260810-005-v01-S07-firstframe.png,5349c0e0599b1c7d25847fb4c1951bbcdd7602cce3d466e03b3518b532cb5397,5349c0e0599b1c7d25847fb4c1951bbcdd7602cce3d466e03b3518b532cb5397,09_泛健康日更/work/HC20260810-005/production/v01/04_grok_batch/manual_pack/02_prompts/HC20260810-005-v01-S07-prompt-zh-en.txt,6e539f0734aebbcae73e5b1a7050e720670276b7113e8325af7a6383252dd070,30.70-36.20,5.50,09_泛健康日更/work/HC20260810-005/production/v01/05_grok_videos/01_raw/HC20260810-005-v01-S07-takeNN.mp4,verified
HC20260810-005,S08,deterministic_post,09_泛健康日更/work/HC20260810-005/production/v01/03_first_frames/HC20260810-005-v01-S08-firstframe.png,09_泛健康日更/work/HC20260810-005/production/v01/04_grok_batch/manual_pack/01_first_frames/HC20260810-005-v01-S08-firstframe.png,b814961c498764a3f97e78195e802cd56c7527b3646e742ea6fc8b72886636a9,b814961c498764a3f97e78195e802cd56c7527b3646e742ea6fc8b72886636a9,09_泛健康日更/work/HC20260810-005/production/v01/04_grok_batch/manual_pack/02_prompts/HC20260810-005-v01-S08-prompt-zh-en.txt,7819c41247563d10452e08ee4600548885d9d12cf0e52d1aa0b3601f7be0d377,36.20-41.80,0.00,09_泛健康日更/work/HC20260810-005/production/v01/06_edit/01_rough_cut/HC20260810-005-v01-S08-deterministic-post.mp4,verified
HC20260810-005,S09,deterministic_post,09_泛健康日更/work/HC20260810-005/production/v01/03_first_frames/HC20260810-005-v01-S09-firstframe.png,09_泛健康日更/work/HC20260810-005/production/v01/04_grok_batch/manual_pack/01_first_frames/HC20260810-005-v01-S09-firstframe.png,7352ac291770cdf923c8562ef3ad5cf5375263f2ac2dc85239c3795f95b7e584,7352ac291770cdf923c8562ef3ad5cf5375263f2ac2dc85239c3795f95b7e584,09_泛健康日更/work/HC20260810-005/production/v01/04_grok_batch/manual_pack/02_prompts/HC20260810-005-v01-S09-prompt-zh-en.txt,b39aaad1b871601b39f66d3118976a342baba7226a52c64d1fdcb0ac7a8dacbe,41.80-48.80,0.00,09_泛健康日更/work/HC20260810-005/production/v01/06_edit/01_rough_cut/HC20260810-005-v01-S09-deterministic-post.mp4,verified
HC20260810-005,S10,deterministic_post,09_泛健康日更/work/HC20260810-005/production/v01/03_first_frames/HC20260810-005-v01-S10-firstframe.png,09_泛健康日更/work/HC20260810-005/production/v01/04_grok_batch/manual_pack/01_first_frames/HC20260810-005-v01-S10-firstframe.png,fc204e0f197c9ebc70a1f35b69229c906ab2353d48e139f19d69aad730d2d88a,fc204e0f197c9ebc70a1f35b69229c906ab2353d48e139f19d69aad730d2d88a,09_泛健康日更/work/HC20260810-005/production/v01/04_grok_batch/manual_pack/02_prompts/HC20260810-005-v01-S10-prompt-zh-en.txt,cd8e4daf8bd50ec5911026c1e9154d65914821ea0d7acb96b15405c01c37cabd,48.80-56.00,0.00,09_泛健康日更/work/HC20260810-005/production/v01/06_edit/01_rough_cut/HC20260810-005-v01-S10-deterministic-post.mp4,verified
HC20260810-006,S01,grok_manual,09_泛健康日更/work/HC20260810-006/production/v01/03_first_frames/HC20260810-006-v01-S01-firstframe.png,09_泛健康日更/work/HC20260810-006/production/v01/04_grok_batch/manual_pack/01_first_frames/HC20260810-006-v01-S01-firstframe.png,bb69eac4f625277a5b4cae88930d332d89fa665eaa2442d720a9b451a4989229,bb69eac4f625277a5b4cae88930d332d89fa665eaa2442d720a9b451a4989229,09_泛健康日更/work/HC20260810-006/production/v01/04_grok_batch/manual_pack/02_prompts/HC20260810-006-v01-S01-prompt-zh-en.txt,ec94533cb0e1d0d0cb9102147d1d699b2f4f4025b2ea15f022a63299519f6dfc,00.00-04.00,4.00,09_泛健康日更/work/HC20260810-006/production/v01/05_grok_videos/01_raw/HC20260810-006-v01-S01A-takeNN.mp4|09_泛健康日更/work/HC20260810-006/production/v01/05_grok_videos/01_raw/HC20260810-006-v01-S01B-takeNN.mp4,verified
HC20260810-006,S02,deterministic_post,09_泛健康日更/work/HC20260810-006/production/v01/03_first_frames/HC20260810-006-v01-S02-firstframe.png,09_泛健康日更/work/HC20260810-006/production/v01/04_grok_batch/manual_pack/01_first_frames/HC20260810-006-v01-S02-firstframe.png,20a14d22ade2122be92f23655185bab3989fed4297de61867b0d795afc64c616,20a14d22ade2122be92f23655185bab3989fed4297de61867b0d795afc64c616,09_泛健康日更/work/HC20260810-006/production/v01/04_grok_batch/manual_pack/02_prompts/HC20260810-006-v01-S02-prompt-zh-en.txt,eda1b0f66b844f6ec832998fa0e931c5326a1a05b814e5be03d9e616732b5f76,04.00-09.90,0.00,09_泛健康日更/work/HC20260810-006/production/v01/06_edit/01_rough_cut/HC20260810-006-v01-S02-deterministic-post.mp4,verified
HC20260810-006,S03,grok_manual,09_泛健康日更/work/HC20260810-006/production/v01/03_first_frames/HC20260810-006-v01-S03-firstframe.png,09_泛健康日更/work/HC20260810-006/production/v01/04_grok_batch/manual_pack/01_first_frames/HC20260810-006-v01-S03-firstframe.png,60de6bec80a1df458d969ca5dea06462e87b04b8313e36922837217cf3e11128,60de6bec80a1df458d969ca5dea06462e87b04b8313e36922837217cf3e11128,09_泛健康日更/work/HC20260810-006/production/v01/04_grok_batch/manual_pack/02_prompts/HC20260810-006-v01-S03-prompt-zh-en.txt,a098fa16859effc56b633bde37f613812e7585a1be25690c61c254f74bdde813,09.90-14.80,4.90,09_泛健康日更/work/HC20260810-006/production/v01/05_grok_videos/01_raw/HC20260810-006-v01-S03-takeNN.mp4,verified
HC20260810-006,S04,grok_manual,09_泛健康日更/work/HC20260810-006/production/v01/03_first_frames/HC20260810-006-v01-S04-firstframe.png,09_泛健康日更/work/HC20260810-006/production/v01/04_grok_batch/manual_pack/01_first_frames/HC20260810-006-v01-S04-firstframe.png,36df82d591b4f379ef6aa15a46d7c3d3ec6837a8d9c627e02eea470d304371ce,36df82d591b4f379ef6aa15a46d7c3d3ec6837a8d9c627e02eea470d304371ce,09_泛健康日更/work/HC20260810-006/production/v01/04_grok_batch/manual_pack/02_prompts/HC20260810-006-v01-S04-prompt-zh-en.txt,df97eca28aa733537823a4524179a3a2be1ee3ac2d446f7130fca51960b3e881,14.80-20.00,5.20,09_泛健康日更/work/HC20260810-006/production/v01/05_grok_videos/01_raw/HC20260810-006-v01-S04-takeNN.mp4,verified
HC20260810-006,S05,grok_manual,09_泛健康日更/work/HC20260810-006/production/v01/03_first_frames/HC20260810-006-v01-S05-firstframe.png,09_泛健康日更/work/HC20260810-006/production/v01/04_grok_batch/manual_pack/01_first_frames/HC20260810-006-v01-S05-firstframe.png,43e64290ae7dad7d101e4aeac18425c466d4f42df51b74dbb11c3c289b29b73d,43e64290ae7dad7d101e4aeac18425c466d4f42df51b74dbb11c3c289b29b73d,09_泛健康日更/work/HC20260810-006/production/v01/04_grok_batch/manual_pack/02_prompts/HC20260810-006-v01-S05-prompt-zh-en.txt,eca60cefa7aaafea2fa2107bfaf63a8231c51777bd554b4eb45cc17171a71a68,20.00-25.20,5.20,09_泛健康日更/work/HC20260810-006/production/v01/05_grok_videos/01_raw/HC20260810-006-v01-S05-takeNN.mp4,verified
HC20260810-006,S06,grok_manual,09_泛健康日更/work/HC20260810-006/production/v01/03_first_frames/HC20260810-006-v01-S06-firstframe.png,09_泛健康日更/work/HC20260810-006/production/v01/04_grok_batch/manual_pack/01_first_frames/HC20260810-006-v01-S06-firstframe.png,f5681f85197e05004527028eb3752087183ed0f3c3e29b8aa9930cb0dfbde5b8,f5681f85197e05004527028eb3752087183ed0f3c3e29b8aa9930cb0dfbde5b8,09_泛健康日更/work/HC20260810-006/production/v01/04_grok_batch/manual_pack/02_prompts/HC20260810-006-v01-S06-prompt-zh-en.txt,d6e7e2a10d1d57c155e51a7f96b17f09cdfa979079f088117ff76252f1e8e86f,25.20-30.50,5.30,09_泛健康日更/work/HC20260810-006/production/v01/05_grok_videos/01_raw/HC20260810-006-v01-S06-takeNN.mp4,verified
HC20260810-006,S07,grok_manual,09_泛健康日更/work/HC20260810-006/production/v01/03_first_frames/HC20260810-006-v01-S07-firstframe.png,09_泛健康日更/work/HC20260810-006/production/v01/04_grok_batch/manual_pack/01_first_frames/HC20260810-006-v01-S07-firstframe.png,8ef36806244aa23ec5c2de5b6352ac4cdedc441ea4e5d4a0e4884703c1c3c7fd,8ef36806244aa23ec5c2de5b6352ac4cdedc441ea4e5d4a0e4884703c1c3c7fd,09_泛健康日更/work/HC20260810-006/production/v01/04_grok_batch/manual_pack/02_prompts/HC20260810-006-v01-S07-prompt-zh-en.txt,46100f24f374183693fbeaf528eb5780d09526c7d9d84715f32dbab9f3e9c2a2,30.50-35.90,5.40,09_泛健康日更/work/HC20260810-006/production/v01/05_grok_videos/01_raw/HC20260810-006-v01-S07-takeNN.mp4,verified
HC20260810-006,S08,grok_manual,09_泛健康日更/work/HC20260810-006/production/v01/03_first_frames/HC20260810-006-v01-S08-firstframe.png,09_泛健康日更/work/HC20260810-006/production/v01/04_grok_batch/manual_pack/01_first_frames/HC20260810-006-v01-S08-firstframe.png,3b87681f9f908d12f5810ad567b3d95352d7907432458e11dd3d6072fbca223f,3b87681f9f908d12f5810ad567b3d95352d7907432458e11dd3d6072fbca223f,09_泛健康日更/work/HC20260810-006/production/v01/04_grok_batch/manual_pack/02_prompts/HC20260810-006-v01-S08-prompt-zh-en.txt,8f1c2b614cd3d28302b1eeca6ddcf1d4d03385220a4dfd0d5240defd83d61a2a,35.90-41.40,5.50,09_泛健康日更/work/HC20260810-006/production/v01/05_grok_videos/01_raw/HC20260810-006-v01-S08-takeNN.mp4,verified
HC20260810-006,S09,deterministic_post,09_泛健康日更/work/HC20260810-006/production/v01/03_first_frames/HC20260810-006-v01-S09-firstframe.png,09_泛健康日更/work/HC20260810-006/production/v01/04_grok_batch/manual_pack/01_first_frames/HC20260810-006-v01-S09-firstframe.png,88b13bc976ce3192467d267dddc7536c870200c0a5c369cff1b268dccfcc4b8c,88b13bc976ce3192467d267dddc7536c870200c0a5c369cff1b268dccfcc4b8c,09_泛健康日更/work/HC20260810-006/production/v01/04_grok_batch/manual_pack/02_prompts/HC20260810-006-v01-S09-prompt-zh-en.txt,8ffae51479c6df6c655c391afc451d40984a5c694c909ce4193161691a6f6fe5,41.40-47.50,0.00,09_泛健康日更/work/HC20260810-006/production/v01/06_edit/01_rough_cut/HC20260810-006-v01-S09-deterministic-post.mp4,verified
HC20260810-006,S10,deterministic_post,09_泛健康日更/work/HC20260810-006/production/v01/03_first_frames/HC20260810-006-v01-S10-firstframe.png,09_泛健康日更/work/HC20260810-006/production/v01/04_grok_batch/manual_pack/01_first_frames/HC20260810-006-v01-S10-firstframe.png,6da9004450024f7c3df3fffe3e0e18fdf3f1d3751327855dbb2abe78f68ddadd,6da9004450024f7c3df3fffe3e0e18fdf3f1d3751327855dbb2abe78f68ddadd,09_泛健康日更/work/HC20260810-006/production/v01/04_grok_batch/manual_pack/02_prompts/HC20260810-006-v01-S10-prompt-zh-en.txt,945db4a0e8c016b68d039d3cd21ee97587c94f5a6a685893d29402523e09c5df,47.50-54.00,0.00,09_泛健康日更/work/HC20260810-006/production/v01/06_edit/01_rough_cut/HC20260810-006-v01-S10-deterministic-post.mp4,verified
HC20260810-007,S01,grok_manual,09_泛健康日更/work/HC20260810-007/production/v01/03_first_frames/HC20260810-007-v01-S01-firstframe.png,09_泛健康日更/work/HC20260810-007/production/v01/04_grok_batch/manual_pack/01_first_frames/HC20260810-007-v01-S01-firstframe.png,16ec5daff52082f399981e9e98d0986a5c055ecc54a3ac95af8968fedc787cf7,16ec5daff52082f399981e9e98d0986a5c055ecc54a3ac95af8968fedc787cf7,09_泛健康日更/work/HC20260810-007/production/v01/04_grok_batch/manual_pack/02_prompts/HC20260810-007-v01-S01-prompt-zh-en.txt,252567df00264198872d5097b38fd18c8038a8d86addf4d53a25eb7e12273fb9,00.00-04.00,4.00,09_泛健康日更/work/HC20260810-007/production/v01/05_grok_videos/01_raw/HC20260810-007-v01-S01-takeNN.mp4,verified
HC20260810-007,S02,grok_manual,09_泛健康日更/work/HC20260810-007/production/v01/03_first_frames/HC20260810-007-v01-S02-firstframe.png,09_泛健康日更/work/HC20260810-007/production/v01/04_grok_batch/manual_pack/01_first_frames/HC20260810-007-v01-S02-firstframe.png,03689ddc5d1c7b70f6d8d470a3f9cd6390be49e9cfe656594f01052be5f71f83,03689ddc5d1c7b70f6d8d470a3f9cd6390be49e9cfe656594f01052be5f71f83,09_泛健康日更/work/HC20260810-007/production/v01/04_grok_batch/manual_pack/02_prompts/HC20260810-007-v01-S02-prompt-zh-en.txt,f29232890fb397896f659d1c29b76dbf3c34d021ed1063c0ae926077f520b474,04.00-09.40,5.40,09_泛健康日更/work/HC20260810-007/production/v01/05_grok_videos/01_raw/HC20260810-007-v01-S02-takeNN.mp4,verified
HC20260810-007,S03,grok_manual,09_泛健康日更/work/HC20260810-007/production/v01/03_first_frames/HC20260810-007-v01-S03-firstframe.png,09_泛健康日更/work/HC20260810-007/production/v01/04_grok_batch/manual_pack/01_first_frames/HC20260810-007-v01-S03-firstframe.png,2708995cb40bf82de0a015a0465d0be4561e520e8d85c672eb6ffcc04967826d,2708995cb40bf82de0a015a0465d0be4561e520e8d85c672eb6ffcc04967826d,09_泛健康日更/work/HC20260810-007/production/v01/04_grok_batch/manual_pack/02_prompts/HC20260810-007-v01-S03-prompt-zh-en.txt,7a5531744257bb4645e58845f538b3a7bc4307a21f9d5d7bf752ad7d6a99c9be,09.40-14.70,5.30,09_泛健康日更/work/HC20260810-007/production/v01/05_grok_videos/01_raw/HC20260810-007-v01-S03-takeNN.mp4,verified
HC20260810-007,S04,deterministic_post,09_泛健康日更/work/HC20260810-007/production/v01/03_first_frames/HC20260810-007-v01-S04-firstframe.png,09_泛健康日更/work/HC20260810-007/production/v01/04_grok_batch/manual_pack/01_first_frames/HC20260810-007-v01-S04-firstframe.png,06b655be8f317a9cf70150074d0412d53fa7856f6c9852587d5f75a978467693,06b655be8f317a9cf70150074d0412d53fa7856f6c9852587d5f75a978467693,09_泛健康日更/work/HC20260810-007/production/v01/04_grok_batch/manual_pack/02_prompts/HC20260810-007-v01-S04-prompt-zh-en.txt,2fe6743e7db9b38869d4c26048ee4660d186bfd276376532e6b6520fd6897fcf,14.70-20.00,0.00,09_泛健康日更/work/HC20260810-007/production/v01/06_edit/01_rough_cut/HC20260810-007-v01-S04-deterministic-post.mp4,verified
HC20260810-007,S05,grok_manual,09_泛健康日更/work/HC20260810-007/production/v01/03_first_frames/HC20260810-007-v01-S05-firstframe.png,09_泛健康日更/work/HC20260810-007/production/v01/04_grok_batch/manual_pack/01_first_frames/HC20260810-007-v01-S05-firstframe.png,4c6d64ae276c0099e7aeb07be81dff37d2670bec8955eb3bd97aa9b9c5aa661d,4c6d64ae276c0099e7aeb07be81dff37d2670bec8955eb3bd97aa9b9c5aa661d,09_泛健康日更/work/HC20260810-007/production/v01/04_grok_batch/manual_pack/02_prompts/HC20260810-007-v01-S05-prompt-zh-en.txt,90dd0d56033e602761c682d9e90997f89b0e4ceeaca73fb9539db94ae393c24b,20.00-25.40,5.40,09_泛健康日更/work/HC20260810-007/production/v01/05_grok_videos/01_raw/HC20260810-007-v01-S05-takeNN.mp4,verified
HC20260810-007,S06,grok_manual,09_泛健康日更/work/HC20260810-007/production/v01/03_first_frames/HC20260810-007-v01-S06-firstframe.png,09_泛健康日更/work/HC20260810-007/production/v01/04_grok_batch/manual_pack/01_first_frames/HC20260810-007-v01-S06-firstframe.png,57ec7fd4f7f4d9dc9a1c5ab226cba8832a982f971179b2f769cbf0659d331b05,57ec7fd4f7f4d9dc9a1c5ab226cba8832a982f971179b2f769cbf0659d331b05,09_泛健康日更/work/HC20260810-007/production/v01/04_grok_batch/manual_pack/02_prompts/HC20260810-007-v01-S06-prompt-zh-en.txt,c17fd9a9ac557e116d4ad47a03aabc4e7bb4b3e2257ee2f8e0c1c3f7c70a7c07,25.40-30.90,5.50,09_泛健康日更/work/HC20260810-007/production/v01/05_grok_videos/01_raw/HC20260810-007-v01-S06-takeNN.mp4,verified
HC20260810-007,S07,deterministic_post,09_泛健康日更/work/HC20260810-007/production/v01/03_first_frames/HC20260810-007-v01-S07-firstframe.png,09_泛健康日更/work/HC20260810-007/production/v01/04_grok_batch/manual_pack/01_first_frames/HC20260810-007-v01-S07-firstframe.png,4911caa0c6d9fc7389d81091ee5212e6bee31369a1f4b13f8eb88a205b480d56,4911caa0c6d9fc7389d81091ee5212e6bee31369a1f4b13f8eb88a205b480d56,09_泛健康日更/work/HC20260810-007/production/v01/04_grok_batch/manual_pack/02_prompts/HC20260810-007-v01-S07-prompt-zh-en.txt,bef787e61205b26e61e99c6988a383f3bc77a66ecd8bfb20c8dd00dc1031ba8a,30.90-36.40,0.00,09_泛健康日更/work/HC20260810-007/production/v01/06_edit/01_rough_cut/HC20260810-007-v01-S07-deterministic-post.mp4,verified
HC20260810-007,S08,deterministic_post,09_泛健康日更/work/HC20260810-007/production/v01/03_first_frames/HC20260810-007-v01-S08-firstframe.png,09_泛健康日更/work/HC20260810-007/production/v01/04_grok_batch/manual_pack/01_first_frames/HC20260810-007-v01-S08-firstframe.png,2bf5d72920dfacf14e7b8d17e7d8eee7685accb8872894765f3f6aefc75fe73e,2bf5d72920dfacf14e7b8d17e7d8eee7685accb8872894765f3f6aefc75fe73e,09_泛健康日更/work/HC20260810-007/production/v01/04_grok_batch/manual_pack/02_prompts/HC20260810-007-v01-S08-prompt-zh-en.txt,872b2bd6b97edb85ec8dffda0f7e25739c30cf4b4b120127227581b46c55a4e8,36.40-42.90,0.00,09_泛健康日更/work/HC20260810-007/production/v01/06_edit/01_rough_cut/HC20260810-007-v01-S08-deterministic-post.mp4,verified
HC20260810-007,S09,grok_manual,09_泛健康日更/work/HC20260810-007/production/v01/03_first_frames/HC20260810-007-v01-S09-firstframe.png,09_泛健康日更/work/HC20260810-007/production/v01/04_grok_batch/manual_pack/01_first_frames/HC20260810-007-v01-S09-firstframe.png,c487d88970416e894fb900afba52dc81f73564480cecd80bc01847c457e1413d,c487d88970416e894fb900afba52dc81f73564480cecd80bc01847c457e1413d,09_泛健康日更/work/HC20260810-007/production/v01/04_grok_batch/manual_pack/02_prompts/HC20260810-007-v01-S09-prompt-zh-en.txt,de2165316b8ec9cc0ca1b330b37f9ac338ba42f22ad6fa9a36afd7483b4b4ebb,42.90-49.30,5.80,09_泛健康日更/work/HC20260810-007/production/v01/05_grok_videos/01_raw/HC20260810-007-v01-S09-takeNN.mp4,verified
HC20260810-007,S10,deterministic_post,09_泛健康日更/work/HC20260810-007/production/v01/03_first_frames/HC20260810-007-v01-S10-firstframe.png,09_泛健康日更/work/HC20260810-007/production/v01/04_grok_batch/manual_pack/01_first_frames/HC20260810-007-v01-S10-firstframe.png,bdf5b8d7459aa4c8011c3b0993fae9f1510f8f8b53888e739adc7f18d70e9d59,bdf5b8d7459aa4c8011c3b0993fae9f1510f8f8b53888e739adc7f18d70e9d59,09_泛健康日更/work/HC20260810-007/production/v01/04_grok_batch/manual_pack/02_prompts/HC20260810-007-v01-S10-prompt-zh-en.txt,3db7254ed48c532aa888499901620dc4d3be0565fa0ce40e12b1a1d487bf05d6,49.30-56.00,0.00,09_泛健康日更/work/HC20260810-007/production/v01/06_edit/01_rough_cut/HC20260810-007-v01-S10-deterministic-post.mp4,verified
HC20260810-008,S01,grok_manual,09_泛健康日更/work/HC20260810-008/production/v01/03_first_frames/HC20260810-008-v01-S01-firstframe.png,09_泛健康日更/work/HC20260810-008/production/v01/04_grok_batch/manual_pack/01_first_frames/HC20260810-008-v01-S01-firstframe.png,002ab59747f69f72d24e58104048b803e386db6946054d457e62fb8b7a0dde86,002ab59747f69f72d24e58104048b803e386db6946054d457e62fb8b7a0dde86,09_泛健康日更/work/HC20260810-008/production/v01/04_grok_batch/manual_pack/02_prompts/HC20260810-008-v01-S01-prompt-zh-en.txt,36334acb8e52e0c2e60de0bce772dc6e6570e5beec4ab7704d4d948305a6f184,00.00-04.00,4.00,09_泛健康日更/work/HC20260810-008/production/v01/05_grok_videos/01_raw/HC20260810-008-v01-S01-takeNN.mp4,verified
HC20260810-008,S02,deterministic_post,09_泛健康日更/work/HC20260810-008/production/v01/03_first_frames/HC20260810-008-v01-S02-firstframe.png,09_泛健康日更/work/HC20260810-008/production/v01/04_grok_batch/manual_pack/01_first_frames/HC20260810-008-v01-S02-firstframe.png,84197b437f9336c7063b867f67af04acb7dd1d3fdd6e24452bc87dcf64312cb9,84197b437f9336c7063b867f67af04acb7dd1d3fdd6e24452bc87dcf64312cb9,09_泛健康日更/work/HC20260810-008/production/v01/04_grok_batch/manual_pack/02_prompts/HC20260810-008-v01-S02-prompt-zh-en.txt,f6d4762c0737f37be360b9ffc9f504f431ec971fe763140238b6026ae552b48f,04.00-09.20,0.00,09_泛健康日更/work/HC20260810-008/production/v01/06_edit/01_rough_cut/HC20260810-008-v01-S02-deterministic-post.mp4,verified
HC20260810-008,S03,grok_manual,09_泛健康日更/work/HC20260810-008/production/v01/03_first_frames/HC20260810-008-v01-S03-firstframe.png,09_泛健康日更/work/HC20260810-008/production/v01/04_grok_batch/manual_pack/01_first_frames/HC20260810-008-v01-S03-firstframe.png,8ecebf818b6d9971d2b59f9fae7b8f43bc09b84d74b2afe0d65fba4715bcf9f3,8ecebf818b6d9971d2b59f9fae7b8f43bc09b84d74b2afe0d65fba4715bcf9f3,09_泛健康日更/work/HC20260810-008/production/v01/04_grok_batch/manual_pack/02_prompts/HC20260810-008-v01-S03-prompt-zh-en.txt,845d878beb332a9abf4d9d75f45641c89156f592b9dcfb0eb399b30b1da37810,09.20-14.50,5.30,09_泛健康日更/work/HC20260810-008/production/v01/05_grok_videos/01_raw/HC20260810-008-v01-S03-takeNN.mp4,verified
HC20260810-008,S04,grok_manual,09_泛健康日更/work/HC20260810-008/production/v01/03_first_frames/HC20260810-008-v01-S04-firstframe.png,09_泛健康日更/work/HC20260810-008/production/v01/04_grok_batch/manual_pack/01_first_frames/HC20260810-008-v01-S04-firstframe.png,6c9b2689e407458d1bc761769a300db31ab55243fd80da2588584aab3420378b,6c9b2689e407458d1bc761769a300db31ab55243fd80da2588584aab3420378b,09_泛健康日更/work/HC20260810-008/production/v01/04_grok_batch/manual_pack/02_prompts/HC20260810-008-v01-S04-prompt-zh-en.txt,98a36fca67b519d5acc695b27924f2f222f2fbe83ca0988d1406a47a61f4fb2c,14.50-19.80,5.30,09_泛健康日更/work/HC20260810-008/production/v01/05_grok_videos/01_raw/HC20260810-008-v01-S04-takeNN.mp4,verified
HC20260810-008,S05,deterministic_post,09_泛健康日更/work/HC20260810-008/production/v01/03_first_frames/HC20260810-008-v01-S05-firstframe.png,09_泛健康日更/work/HC20260810-008/production/v01/04_grok_batch/manual_pack/01_first_frames/HC20260810-008-v01-S05-firstframe.png,c6034c67f12693a0470b16aa06868e8cfc344df45086021f7854735c22d661e8,c6034c67f12693a0470b16aa06868e8cfc344df45086021f7854735c22d661e8,09_泛健康日更/work/HC20260810-008/production/v01/04_grok_batch/manual_pack/02_prompts/HC20260810-008-v01-S05-prompt-zh-en.txt,61132dc3ff1b1a3bb51ee8a00e9581b15f5719432c38457e0266da4f046af6ca,19.80-25.20,0.00,09_泛健康日更/work/HC20260810-008/production/v01/06_edit/01_rough_cut/HC20260810-008-v01-S05-deterministic-post.mp4,verified
HC20260810-008,S06,grok_manual,09_泛健康日更/work/HC20260810-008/production/v01/03_first_frames/HC20260810-008-v01-S06-firstframe.png,09_泛健康日更/work/HC20260810-008/production/v01/04_grok_batch/manual_pack/01_first_frames/HC20260810-008-v01-S06-firstframe.png,8dcbb571e735c6e6dd6ff38d2841ec7596d836f5f48ad3aebf680a2f78072664,8dcbb571e735c6e6dd6ff38d2841ec7596d836f5f48ad3aebf680a2f78072664,09_泛健康日更/work/HC20260810-008/production/v01/04_grok_batch/manual_pack/02_prompts/HC20260810-008-v01-S06-prompt-zh-en.txt,2a1f1ba6c6029e45a45aebbce73ef519e6f3c91c0eada53b1341b5cc729efc4e,25.20-30.70,5.50,09_泛健康日更/work/HC20260810-008/production/v01/05_grok_videos/01_raw/HC20260810-008-v01-S06-takeNN.mp4,verified
HC20260810-008,S07,deterministic_post,09_泛健康日更/work/HC20260810-008/production/v01/03_first_frames/HC20260810-008-v01-S07-firstframe.png,09_泛健康日更/work/HC20260810-008/production/v01/04_grok_batch/manual_pack/01_first_frames/HC20260810-008-v01-S07-firstframe.png,2f6d97df70fb1d476a3a77cfb3c5099b63df725f740a836752719576e24140cd,2f6d97df70fb1d476a3a77cfb3c5099b63df725f740a836752719576e24140cd,09_泛健康日更/work/HC20260810-008/production/v01/04_grok_batch/manual_pack/02_prompts/HC20260810-008-v01-S07-prompt-zh-en.txt,5fb3e6932340327dd0f9584284600ee4606a36aa21f39bdace1abdd1e5466561,30.70-36.20,0.00,09_泛健康日更/work/HC20260810-008/production/v01/06_edit/01_rough_cut/HC20260810-008-v01-S07-deterministic-post.mp4,verified
HC20260810-008,S08,deterministic_post,09_泛健康日更/work/HC20260810-008/production/v01/03_first_frames/HC20260810-008-v01-S08-firstframe.png,09_泛健康日更/work/HC20260810-008/production/v01/04_grok_batch/manual_pack/01_first_frames/HC20260810-008-v01-S08-firstframe.png,3c98beb544d663af85a44bc401bbb3ff5d564001320032188a17a4b1a7862737,3c98beb544d663af85a44bc401bbb3ff5d564001320032188a17a4b1a7862737,09_泛健康日更/work/HC20260810-008/production/v01/04_grok_batch/manual_pack/02_prompts/HC20260810-008-v01-S08-prompt-zh-en.txt,9e33f97b83baacc444eff8dbf2c2f2ca665ba957fa42bfdf5f1183a96f6fb718,36.20-41.80,0.00,09_泛健康日更/work/HC20260810-008/production/v01/06_edit/01_rough_cut/HC20260810-008-v01-S08-deterministic-post.mp4,verified
HC20260810-008,S09,grok_manual,09_泛健康日更/work/HC20260810-008/production/v01/03_first_frames/HC20260810-008-v01-S09-firstframe.png,09_泛健康日更/work/HC20260810-008/production/v01/04_grok_batch/manual_pack/01_first_frames/HC20260810-008-v01-S09-firstframe.png,b56dfa9702d007b1811e1fef74de6c09d6a2236c2ee6eb0b5571a50c13ffee3c,b56dfa9702d007b1811e1fef74de6c09d6a2236c2ee6eb0b5571a50c13ffee3c,09_泛健康日更/work/HC20260810-008/production/v01/04_grok_batch/manual_pack/02_prompts/HC20260810-008-v01-S09-prompt-zh-en.txt,19c86a7aeebb4af32d503e72de4491e08bbf84d5beb64b6eb0209c085cf8f529,41.80-48.20,5.80,09_泛健康日更/work/HC20260810-008/production/v01/05_grok_videos/01_raw/HC20260810-008-v01-S09-takeNN.mp4,verified
HC20260810-008,S10,deterministic_post,09_泛健康日更/work/HC20260810-008/production/v01/03_first_frames/HC20260810-008-v01-S10-firstframe.png,09_泛健康日更/work/HC20260810-008/production/v01/04_grok_batch/manual_pack/01_first_frames/HC20260810-008-v01-S10-firstframe.png,8073574da8f41c7f56985ef09736c516a4e73841507594fb704317cb021b0320,8073574da8f41c7f56985ef09736c516a4e73841507594fb704317cb021b0320,09_泛健康日更/work/HC20260810-008/production/v01/04_grok_batch/manual_pack/02_prompts/HC20260810-008-v01-S10-prompt-zh-en.txt,25592a3794b1bfaff5c3bf32cfc8abf4f8688d5de5a93bb83f65d1a83aca6916,48.20-56.00,0.00,09_泛健康日更/work/HC20260810-008/production/v01/06_edit/01_rough_cut/HC20260810-008-v01-S10-deterministic-post.mp4,verified
HC20260810-009,S01,grok_manual,09_泛健康日更/work/HC20260810-009/production/v01/03_first_frames/HC20260810-009-v01-S01-firstframe.png,09_泛健康日更/work/HC20260810-009/production/v01/04_grok_batch/manual_pack/01_first_frames/HC20260810-009-v01-S01-firstframe.png,a7478087be87307fb311fdf9c9cf38b2ca0edd390c7855b5f255def244be9f29,a7478087be87307fb311fdf9c9cf38b2ca0edd390c7855b5f255def244be9f29,09_泛健康日更/work/HC20260810-009/production/v01/04_grok_batch/manual_pack/02_prompts/HC20260810-009-v01-S01-prompt-zh-en.txt,fb636ade3df75af0d4f81a60b389f764985cbfafcb83fb2c81800cb9ba11bee3,00.00-04.00,4.00,09_泛健康日更/work/HC20260810-009/production/v01/05_grok_videos/01_raw/HC20260810-009-v01-S01A-takeNN.mp4|09_泛健康日更/work/HC20260810-009/production/v01/05_grok_videos/01_raw/HC20260810-009-v01-S01B-takeNN.mp4,verified
HC20260810-009,S02,deterministic_post,09_泛健康日更/work/HC20260810-009/production/v01/03_first_frames/HC20260810-009-v01-S02-firstframe.png,09_泛健康日更/work/HC20260810-009/production/v01/04_grok_batch/manual_pack/01_first_frames/HC20260810-009-v01-S02-firstframe.png,c3dd0d51f8c94117ab0a3edf1d83f5a3de52b2f0f17ef7cb2a4742ae4448361c,c3dd0d51f8c94117ab0a3edf1d83f5a3de52b2f0f17ef7cb2a4742ae4448361c,09_泛健康日更/work/HC20260810-009/production/v01/04_grok_batch/manual_pack/02_prompts/HC20260810-009-v01-S02-prompt-zh-en.txt,8449ee45f34837fb590b4ae6ab2cde83d3dfec58042543364101d1be6df837f1,04.00-09.30,0.00,09_泛健康日更/work/HC20260810-009/production/v01/06_edit/01_rough_cut/HC20260810-009-v01-S02-deterministic-post.mp4,verified
HC20260810-009,S03,grok_manual,09_泛健康日更/work/HC20260810-009/production/v01/03_first_frames/HC20260810-009-v01-S03-firstframe.png,09_泛健康日更/work/HC20260810-009/production/v01/04_grok_batch/manual_pack/01_first_frames/HC20260810-009-v01-S03-firstframe.png,86fc24aa09c3af1a6f29257659c3da062814161bfd49dd1289dee85b130eef6e,86fc24aa09c3af1a6f29257659c3da062814161bfd49dd1289dee85b130eef6e,09_泛健康日更/work/HC20260810-009/production/v01/04_grok_batch/manual_pack/02_prompts/HC20260810-009-v01-S03-prompt-zh-en.txt,1fc5bc2724ea01c27619671bbfd288786f6c90c876424d0ad0e52d4c64021dca,09.30-14.60,5.30,09_泛健康日更/work/HC20260810-009/production/v01/05_grok_videos/01_raw/HC20260810-009-v01-S03-takeNN.mp4,verified
HC20260810-009,S04,grok_manual,09_泛健康日更/work/HC20260810-009/production/v01/03_first_frames/HC20260810-009-v01-S04-firstframe.png,09_泛健康日更/work/HC20260810-009/production/v01/04_grok_batch/manual_pack/01_first_frames/HC20260810-009-v01-S04-firstframe.png,1b607d4b6c9f4d2fe3d9f9f3a4e5bac70d9b76738ec25fd922a7c4bfdce5d92a,1b607d4b6c9f4d2fe3d9f9f3a4e5bac70d9b76738ec25fd922a7c4bfdce5d92a,09_泛健康日更/work/HC20260810-009/production/v01/04_grok_batch/manual_pack/02_prompts/HC20260810-009-v01-S04-prompt-zh-en.txt,23ed2f39cfe792b35d8c382c0a72b7f4fb252ca3956c3d0a5b3d5cf7240787dc,14.60-19.90,5.30,09_泛健康日更/work/HC20260810-009/production/v01/05_grok_videos/01_raw/HC20260810-009-v01-S04-takeNN.mp4,verified
HC20260810-009,S05,grok_manual,09_泛健康日更/work/HC20260810-009/production/v01/03_first_frames/HC20260810-009-v01-S05-firstframe.png,09_泛健康日更/work/HC20260810-009/production/v01/04_grok_batch/manual_pack/01_first_frames/HC20260810-009-v01-S05-firstframe.png,16602795c6cf4c78470b357a70d923d111655177e89e779ea7a46e4127eda738,16602795c6cf4c78470b357a70d923d111655177e89e779ea7a46e4127eda738,09_泛健康日更/work/HC20260810-009/production/v01/04_grok_batch/manual_pack/02_prompts/HC20260810-009-v01-S05-prompt-zh-en.txt,f10197c06be684aaca7aacb5dab524dd1eb1503de54adfc71d401ceb69011852,19.90-25.30,5.40,09_泛健康日更/work/HC20260810-009/production/v01/05_grok_videos/01_raw/HC20260810-009-v01-S05-takeNN.mp4,verified
HC20260810-009,S06,grok_manual,09_泛健康日更/work/HC20260810-009/production/v01/03_first_frames/HC20260810-009-v01-S06-firstframe.png,09_泛健康日更/work/HC20260810-009/production/v01/04_grok_batch/manual_pack/01_first_frames/HC20260810-009-v01-S06-firstframe.png,f90c94131ea232d5ef63d6a80f82fba8c628440a40827131bb28e6925b2d622f,f90c94131ea232d5ef63d6a80f82fba8c628440a40827131bb28e6925b2d622f,09_泛健康日更/work/HC20260810-009/production/v01/04_grok_batch/manual_pack/02_prompts/HC20260810-009-v01-S06-prompt-zh-en.txt,69d25dd53cb009bf820fb10c49d1e12baed6bab41380fe5d2a938a3e2f6eaaca,25.30-30.80,5.50,09_泛健康日更/work/HC20260810-009/production/v01/05_grok_videos/01_raw/HC20260810-009-v01-S06-takeNN.mp4,verified
HC20260810-009,S07,grok_manual,09_泛健康日更/work/HC20260810-009/production/v01/03_first_frames/HC20260810-009-v01-S07-firstframe.png,09_泛健康日更/work/HC20260810-009/production/v01/04_grok_batch/manual_pack/01_first_frames/HC20260810-009-v01-S07-firstframe.png,f024a4eecb0aed79318f74d3f84ecfacd3ab1df7b9acc5e47beeb18484cb91ad,f024a4eecb0aed79318f74d3f84ecfacd3ab1df7b9acc5e47beeb18484cb91ad,09_泛健康日更/work/HC20260810-009/production/v01/04_grok_batch/manual_pack/02_prompts/HC20260810-009-v01-S07-prompt-zh-en.txt,437971246e87c521ef367e82ee7fbfa057ca54b47177608768a39ffbf8d5f784,30.80-36.30,5.50,09_泛健康日更/work/HC20260810-009/production/v01/05_grok_videos/01_raw/HC20260810-009-v01-S07-takeNN.mp4,verified
HC20260810-009,S08,deterministic_post,09_泛健康日更/work/HC20260810-009/production/v01/03_first_frames/HC20260810-009-v01-S08-firstframe.png,09_泛健康日更/work/HC20260810-009/production/v01/04_grok_batch/manual_pack/01_first_frames/HC20260810-009-v01-S08-firstframe.png,02814fc8681c0301fde040fe307a99767d8597c085a5f5f8583fd9a46ddcabd4,02814fc8681c0301fde040fe307a99767d8597c085a5f5f8583fd9a46ddcabd4,09_泛健康日更/work/HC20260810-009/production/v01/04_grok_batch/manual_pack/02_prompts/HC20260810-009-v01-S08-prompt-zh-en.txt,4c97a960eb691b69d5e293c8fbbcaf72186d08105641e5400887183452ddc582,36.30-41.90,0.00,09_泛健康日更/work/HC20260810-009/production/v01/06_edit/01_rough_cut/HC20260810-009-v01-S08-deterministic-post.mp4,verified
HC20260810-009,S09,grok_manual,09_泛健康日更/work/HC20260810-009/production/v01/03_first_frames/HC20260810-009-v01-S09-firstframe.png,09_泛健康日更/work/HC20260810-009/production/v01/04_grok_batch/manual_pack/01_first_frames/HC20260810-009-v01-S09-firstframe.png,02910c7d2ff8c6cc44f41d6c28693a6d86c5e31a697c76558262c6369020d144,02910c7d2ff8c6cc44f41d6c28693a6d86c5e31a697c76558262c6369020d144,09_泛健康日更/work/HC20260810-009/production/v01/04_grok_batch/manual_pack/02_prompts/HC20260810-009-v01-S09-prompt-zh-en.txt,24322b239ab3e45ea4efdc4f5fcdf25e1a93eae6418b5f9842570b0eaf032893,41.90-48.30,5.80,09_泛健康日更/work/HC20260810-009/production/v01/05_grok_videos/01_raw/HC20260810-009-v01-S09-takeNN.mp4,verified
HC20260810-009,S10,deterministic_post,09_泛健康日更/work/HC20260810-009/production/v01/03_first_frames/HC20260810-009-v01-S10-firstframe.png,09_泛健康日更/work/HC20260810-009/production/v01/04_grok_batch/manual_pack/01_first_frames/HC20260810-009-v01-S10-firstframe.png,58315c7deb5b976a3594bcc4864ad7b918bd7f76a756347e6c8b6a8db3490c21,58315c7deb5b976a3594bcc4864ad7b918bd7f76a756347e6c8b6a8db3490c21,09_泛健康日更/work/HC20260810-009/production/v01/04_grok_batch/manual_pack/02_prompts/HC20260810-009-v01-S10-prompt-zh-en.txt,b583999ce46d56bfbbc83b2a82f495121845cb9f8949ed6cf8218fb9145fd69d,48.30-56.00,0.00,09_泛健康日更/work/HC20260810-009/production/v01/06_edit/01_rough_cut/HC20260810-009-v01-S10-deterministic-post.mp4,verified
HC20260810-010,S01,deterministic_post,09_泛健康日更/work/HC20260810-010/production/v01/03_first_frames/HC20260810-010-v01-S01-firstframe.png,09_泛健康日更/work/HC20260810-010/production/v01/04_grok_batch/manual_pack/01_first_frames/HC20260810-010-v01-S01-firstframe.png,fa3fc013426f3ca11f9fde3b943d91655d00a4fb4820dc329274f1b142424a7e,fa3fc013426f3ca11f9fde3b943d91655d00a4fb4820dc329274f1b142424a7e,09_泛健康日更/work/HC20260810-010/production/v01/04_grok_batch/manual_pack/02_prompts/HC20260810-010-v01-S01-prompt-zh-en.txt,fe24b1ac43a308931fcca2aa88a438903f369b96c2ca75c1e643343888a5dcd5,00.00-04.00,0.00,09_泛健康日更/work/HC20260810-010/production/v01/06_edit/01_rough_cut/HC20260810-010-v01-S01-deterministic-post.mp4,verified
HC20260810-010,S02,grok_manual,09_泛健康日更/work/HC20260810-010/production/v01/03_first_frames/HC20260810-010-v01-S02-firstframe.png,09_泛健康日更/work/HC20260810-010/production/v01/04_grok_batch/manual_pack/01_first_frames/HC20260810-010-v01-S02-firstframe.png,594b0065fbbbbc7869e7aa31f758b04b83177a60323d1fca75b9a7a5c5cad0c1,594b0065fbbbbc7869e7aa31f758b04b83177a60323d1fca75b9a7a5c5cad0c1,09_泛健康日更/work/HC20260810-010/production/v01/04_grok_batch/manual_pack/02_prompts/HC20260810-010-v01-S02-prompt-zh-en.txt,65bce3ee2908211b0c16de7bf0f26aa86f71b00905aae18fe67172bfcebb9456,04.00-09.30,5.30,09_泛健康日更/work/HC20260810-010/production/v01/05_grok_videos/01_raw/HC20260810-010-v01-S02-takeNN.mp4,verified
HC20260810-010,S03,deterministic_post,09_泛健康日更/work/HC20260810-010/production/v01/03_first_frames/HC20260810-010-v01-S03-firstframe.png,09_泛健康日更/work/HC20260810-010/production/v01/04_grok_batch/manual_pack/01_first_frames/HC20260810-010-v01-S03-firstframe.png,5ec322b7b2feb1cec215a656a5acd514c10b1a2db569273f87971fc4d74464c0,5ec322b7b2feb1cec215a656a5acd514c10b1a2db569273f87971fc4d74464c0,09_泛健康日更/work/HC20260810-010/production/v01/04_grok_batch/manual_pack/02_prompts/HC20260810-010-v01-S03-prompt-zh-en.txt,e3935379f3273ea4aa504e221b0284f1da527775924988189f8b5f8c53a80af7,09.30-15.00,0.00,09_泛健康日更/work/HC20260810-010/production/v01/06_edit/01_rough_cut/HC20260810-010-v01-S03-deterministic-post.mp4,verified
HC20260810-010,S04,grok_manual,09_泛健康日更/work/HC20260810-010/production/v01/03_first_frames/HC20260810-010-v01-S04-firstframe.png,09_泛健康日更/work/HC20260810-010/production/v01/04_grok_batch/manual_pack/01_first_frames/HC20260810-010-v01-S04-firstframe.png,8eec1b6dbbaa62c6f3d9109028124f9a93fbcd4d07ace5391b900ad9cb15ff78,8eec1b6dbbaa62c6f3d9109028124f9a93fbcd4d07ace5391b900ad9cb15ff78,09_泛健康日更/work/HC20260810-010/production/v01/04_grok_batch/manual_pack/02_prompts/HC20260810-010-v01-S04-prompt-zh-en.txt,1b2c607f0660d7e23bbb0eccfa3a2228b8bf9c995b9074547ea639e4f21c8a11,15.00-20.70,5.70,09_泛健康日更/work/HC20260810-010/production/v01/05_grok_videos/01_raw/HC20260810-010-v01-S04-takeNN.mp4,verified
HC20260810-010,S05,grok_manual,09_泛健康日更/work/HC20260810-010/production/v01/03_first_frames/HC20260810-010-v01-S05-firstframe.png,09_泛健康日更/work/HC20260810-010/production/v01/04_grok_batch/manual_pack/01_first_frames/HC20260810-010-v01-S05-firstframe.png,9d966931dde8e51774459f557e79c402888f9959826b4bc149bbd47ca1553d44,9d966931dde8e51774459f557e79c402888f9959826b4bc149bbd47ca1553d44,09_泛健康日更/work/HC20260810-010/production/v01/04_grok_batch/manual_pack/02_prompts/HC20260810-010-v01-S05-prompt-zh-en.txt,8d83c6c6c4a700a462ae95f41e45971e2b5a5fd8cb115b9fd39e3e6c7f7afacb,20.70-26.40,5.70,09_泛健康日更/work/HC20260810-010/production/v01/05_grok_videos/01_raw/HC20260810-010-v01-S05A-takeNN.mp4|09_泛健康日更/work/HC20260810-010/production/v01/05_grok_videos/01_raw/HC20260810-010-v01-S05B-takeNN.mp4,verified
HC20260810-010,S06,deterministic_post,09_泛健康日更/work/HC20260810-010/production/v01/03_first_frames/HC20260810-010-v01-S06-firstframe.png,09_泛健康日更/work/HC20260810-010/production/v01/04_grok_batch/manual_pack/01_first_frames/HC20260810-010-v01-S06-firstframe.png,6132c3cf3daeb2404c80e5054de3efed11d42a840d5c5d10971923bd67e713ef,6132c3cf3daeb2404c80e5054de3efed11d42a840d5c5d10971923bd67e713ef,09_泛健康日更/work/HC20260810-010/production/v01/04_grok_batch/manual_pack/02_prompts/HC20260810-010-v01-S06-prompt-zh-en.txt,86d98c1adce5ec3fdbc3871f094a4e434981401b051e182bd416e050be6c882d,26.40-32.10,0.00,09_泛健康日更/work/HC20260810-010/production/v01/06_edit/01_rough_cut/HC20260810-010-v01-S06-deterministic-post.mp4,verified
HC20260810-010,S07,deterministic_post,09_泛健康日更/work/HC20260810-010/production/v01/03_first_frames/HC20260810-010-v01-S07-firstframe.png,09_泛健康日更/work/HC20260810-010/production/v01/04_grok_batch/manual_pack/01_first_frames/HC20260810-010-v01-S07-firstframe.png,63898baefb20187b17e2a7c51e04f9673d689355ea521dc0d98b27495fec4fc2,63898baefb20187b17e2a7c51e04f9673d689355ea521dc0d98b27495fec4fc2,09_泛健康日更/work/HC20260810-010/production/v01/04_grok_batch/manual_pack/02_prompts/HC20260810-010-v01-S07-prompt-zh-en.txt,84340f5ed1760a058357b3bc472d1c41f242e9c4abfd975f7b5d2136afe323f7,32.10-37.80,0.00,09_泛健康日更/work/HC20260810-010/production/v01/06_edit/01_rough_cut/HC20260810-010-v01-S07-deterministic-post.mp4,verified
HC20260810-010,S08,grok_manual,09_泛健康日更/work/HC20260810-010/production/v01/03_first_frames/HC20260810-010-v01-S08-firstframe.png,09_泛健康日更/work/HC20260810-010/production/v01/04_grok_batch/manual_pack/01_first_frames/HC20260810-010-v01-S08-firstframe.png,8fa77c5df83c0d313e3a49bc9bfc634753a9fe6dc0bab6b68294ac53579c8d6e,8fa77c5df83c0d313e3a49bc9bfc634753a9fe6dc0bab6b68294ac53579c8d6e,09_泛健康日更/work/HC20260810-010/production/v01/04_grok_batch/manual_pack/02_prompts/HC20260810-010-v01-S08-prompt-zh-en.txt,ab1ba646270a80413c503062a06024293ab9c75a8ce08f271c6e0243b597103e,37.80-43.50,5.70,09_泛健康日更/work/HC20260810-010/production/v01/05_grok_videos/01_raw/HC20260810-010-v01-S08-takeNN.mp4,verified
HC20260810-010,S09,deterministic_post,09_泛健康日更/work/HC20260810-010/production/v01/03_first_frames/HC20260810-010-v01-S09-firstframe.png,09_泛健康日更/work/HC20260810-010/production/v01/04_grok_batch/manual_pack/01_first_frames/HC20260810-010-v01-S09-firstframe.png,806b7b7abb78a053c2c3543c1e66a8475d7d81abacad7b05ff7ee436c76e031e,806b7b7abb78a053c2c3543c1e66a8475d7d81abacad7b05ff7ee436c76e031e,09_泛健康日更/work/HC20260810-010/production/v01/04_grok_batch/manual_pack/02_prompts/HC20260810-010-v01-S09-prompt-zh-en.txt,b93d64909890f33ac2dd464ba61674cdc777c0c4bdeaf76d1e22bbf0a947c3ee,43.50-50.20,0.00,09_泛健康日更/work/HC20260810-010/production/v01/06_edit/01_rough_cut/HC20260810-010-v01-S09-deterministic-post.mp4,verified
HC20260810-010,S10,deterministic_post,09_泛健康日更/work/HC20260810-010/production/v01/03_first_frames/HC20260810-010-v01-S10-firstframe.png,09_泛健康日更/work/HC20260810-010/production/v01/04_grok_batch/manual_pack/01_first_frames/HC20260810-010-v01-S10-firstframe.png,e77ea8650f7b03ed5dbf3b924fa356f9b056b6aaca65894f60c177d3b8ec13b1,e77ea8650f7b03ed5dbf3b924fa356f9b056b6aaca65894f60c177d3b8ec13b1,09_泛健康日更/work/HC20260810-010/production/v01/04_grok_batch/manual_pack/02_prompts/HC20260810-010-v01-S10-prompt-zh-en.txt,3eb1e65cef235199c3e8aa177fc9a0fe5da03810d828a83389d36f8c3ecbc0c9,50.20-57.00,0.00,09_泛健康日更/work/HC20260810-010/production/v01/06_edit/01_rough_cut/HC20260810-010-v01-S10-deterministic-post.mp4,verified
